occurrence_no,record_type,collection_no,taxon_name,taxon_rank,taxon_no,matched_name,matched_rank,matched_no,early_interval,early_age,late_age,reference_no,lng,lat,genus,genus_no,family,family_no,order,order_no,class,class_no,phylum,phylum_no,cc,state,geogscale,early_age.1,late_age.1,cx_int_no,early_int_no,late_int_no,genus_name,species_name,late_interval,county,species_reso,genus_reso
203392,occurrence,21249,Hightea elliptica,species,409568,Hightea elliptica,species,409568,Ypresian,56,47.8,6528;6528,-0.650000,50.783333,Hightea,409567,Malvaceae,53879,Malvales,54911,Magnoliopsida,55217,Spermatophyta,55350,UK,England,local area,56,47.8,109,109,109,Hightea,elliptica,NA,NA,NA,NA
216879,occurrence,22072,Malvaceae indet.,family,53879,Malvaceae,family,53879,Calabrian,1.806,NA,5323;5323,29.823099,1.231400,NA,NA,Malvaceae,53879,Malvales,54911,Magnoliopsida,55217,Spermatophyta,55350,CD,NA,small collection,1.806,NA,12,740,32,Malvaceae,indet.,Holocene,NA,NA,NA
217093,occurrence,22117,Malvaceae indet.,family,53879,Malvaceae,family,53879,Pleistocene,2.588,0.0117,5323;5323,29.823099,1.231400,NA,NA,Malvaceae,53879,Malvales,54911,Magnoliopsida,55217,Spermatophyta,55350,CD,NA,NA,2.588,0.0117,33,33,33,Malvaceae,indet.,NA,NA,NA,NA
247665,occurrence,24201,Bombacacidites kettigensis,species,276601,Bombacacidites,genus,276601,MP 13,48.6,40.4,6814;6814,6.840000,50.099998,Bombacacidites,276601,Bombacaceae,55599,Malvales,54911,Magnoliopsida,55217,Spermatophyta,55350,DE,Eifel,small collection,48.6,40.4,37,109,107,Bombacacidites,kettigensis,NA,Eckfeld,NA,NA
247666,occurrence,24201,Bombacacidites tilioides,species,276601,Bombacacidites,genus,276601,MP 13,48.6,40.4,6814;6814,6.840000,50.099998,Bombacacidites,276601,Bombacaceae,55599,Malvales,54911,Magnoliopsida,55217,Spermatophyta,55350,DE,Eifel,small collection,48.6,40.4,37,109,107,Bombacacidites,tilioides,NA,Eckfeld,NA,NA
247667,occurrence,24201,Bombacacidites sp.,genus,276601,Bombacacidites,genus,276601,MP 13,48.6,40.4,6814;6814,6.840000,50.099998,Bombacacidites,276601,Bombacaceae,55599,Malvales,54911,Magnoliopsida,55217,Spermatophyta,55350,DE,Eifel,small collection,48.6,40.4,37,109,107,Bombacacidites,sp.,NA,Eckfeld,NA,NA
263418,occurrence,22806,Hightea elliptica,species,409568,Hightea elliptica,species,409568,Ypresian,56,47.8,6528;6528,1.133333,51.366669,Hightea,409567,Malvaceae,53879,Malvales,54911,Magnoliopsida,55217,Spermatophyta,55350,UK,England,outcrop,56,47.8,109,109,109,Hightea,elliptica,NA,Kent,NA,NA
263419,occurrence,22806,Hightea turgida,species,417845,Hightea turgida,species,417845,Ypresian,56,47.8,6528;6528,1.133333,51.366669,Hightea,409567,Malvaceae,53879,Malvales,54911,Magnoliopsida,55217,Spermatophyta,55350,UK,England,outcrop,56,47.8,109,109,109,Hightea,turgida,NA,Kent,NA,NA
263639,occurrence,25501,Grewiopsis saportana,species,56057,Grewiopsis,genus,56057,Lancian,70.6,66,7941;7941,-103.878609,46.295277,Grewiopsis,56057,Malvaceae,53879,Malvales,54911,Magnoliopsida,55217,Spermatophyta,55350,US,North Dakota,small collection,70.6,66,112,112,112,Grewiopsis,saportana,NA,Slope,NA,NA
274432,occurrence,25911,Grewiopsis saportana,species,56057,Grewiopsis,genus,56057,Lancian,70.6,66,7941;7941,-103.874443,46.346943,Grewiopsis,56057,Malvaceae,53879,Malvales,54911,Magnoliopsida,55217,Spermatophyta,55350,US,North Dakota,small collection,70.6,66,112,112,112,Grewiopsis,saportana,NA,Slope,NA,NA
274453,occurrence,25912,Grewiopsis saportana,species,56057,Grewiopsis,genus,56057,Lancian,70.6,66,7941;7941,-103.874443,46.346943,Grewiopsis,56057,Malvaceae,53879,Malvales,54911,Magnoliopsida,55217,Spermatophyta,55350,US,North Dakota,small collection,70.6,66,112,112,112,Grewiopsis,saportana,NA,Slope,NA,NA
277294,occurrence,25915,Grewiopsis saportana,species,56057,Grewiopsis,genus,56057,Lancian,70.6,66,7941;7941,-103.864441,46.321945,Grewiopsis,56057,Malvaceae,53879,Malvales,54911,Magnoliopsida,55217,Spermatophyta,55350,US,North Dakota,small collection,70.6,66,112,112,112,Grewiopsis,saportana,NA,Slope,NA,NA
277326,occurrence,25914,Grewiopsis saportana,species,56057,Grewiopsis,genus,56057,Lancian,70.6,66,7941;7941,-103.864441,46.321945,Grewiopsis,56057,Malvaceae,53879,Malvales,54911,Magnoliopsida,55217,Spermatophyta,55350,US,North Dakota,small collection,70.6,66,112,112,112,Grewiopsis,saportana,NA,Slope,NA,NA
277368,occurrence,25917,Grewiopsis saportana,species,56057,Grewiopsis,genus,56057,Lancian,70.6,66,7941;7941,-103.869164,46.346943,Grewiopsis,56057,Malvaceae,53879,Malvales,54911,Magnoliopsida,55217,Spermatophyta,55350,US,North Dakota,small collection,70.6,66,112,112,112,Grewiopsis,saportana,NA,Slope,NA,NA
277401,occurrence,25921,Grewiopsis saportana,species,56057,Grewiopsis,genus,56057,Lancian,70.6,66,7941;7941,-104.010002,46.432499,Grewiopsis,56057,Malvaceae,53879,Malvales,54911,Magnoliopsida,55217,Spermatophyta,55350,US,North Dakota,small collection,70.6,66,112,112,112,Grewiopsis,saportana,NA,Slope,NA,NA
277406,occurrence,25922,Grewiopsis saportana,species,56057,Grewiopsis,genus,56057,Lancian,70.6,66,7941;7941,-103.862503,46.299168,Grewiopsis,56057,Malvaceae,53879,Malvales,54911,Magnoliopsida,55217,Spermatophyta,55350,US,North Dakota,small collection,70.6,66,112,112,112,Grewiopsis,saportana,NA,Slope,NA,NA
277430,occurrence,25923,Grewiopsis saportana,species,56057,Grewiopsis,genus,56057,Lancian,70.6,66,7941;7941,-103.862503,46.299168,Grewiopsis,56057,Malvaceae,53879,Malvales,54911,Magnoliopsida,55217,Spermatophyta,55350,US,North Dakota,small collection,70.6,66,112,112,112,Grewiopsis,saportana,NA,Slope,NA,NA
296992,occurrence,28417,Bombacacidites annae,species,280344,Bombacacidites annae,species,280344,Late Paleocene,58.7,55.8,7828;7828,-73.016670,4.900000,Bombacacidites,276601,Bombacaceae,55599,Malvales,54911,Magnoliopsida,55217,Spermatophyta,55350,CO,NA,outcrop,58.7,55.8,26,110,109,Bombacacidites,annae,NA,NA,NA,NA
296993,occurrence,28417,Bombacacidites protofoveoreticulatus n. sp.,species,327218,Bombacacidites protofoveoreticulatus,species,327218,Late Paleocene,58.7,55.8,7828;7828,-73.016670,4.900000,Bombacacidites,276601,Bombacaceae,55599,Malvales,54911,Magnoliopsida,55217,Spermatophyta,55350,CO,NA,outcrop,58.7,55.8,26,110,109,Bombacacidites,protofoveoreticulatus,NA,NA,n. sp.,NA
297032,occurrence,28433,Bombacacidites annae,species,280344,Bombacacidites annae,species,280344,Late Paleocene,58.7,55.8,7828;7828,-73.016670,4.900000,Bombacacidites,276601,Bombacaceae,55599,Malvales,54911,Magnoliopsida,55217,Spermatophyta,55350,CO,NA,outcrop,58.7,55.8,26,110,109,Bombacacidites,annae,NA,NA,NA,NA
297100,occurrence,28434,Bombacacidites annae,species,280344,Bombacacidites annae,species,280344,Late Paleocene,58.7,55.8,7828;7828,-73.016670,4.900000,Bombacacidites,276601,Bombacaceae,55599,Malvales,54911,Magnoliopsida,55217,Spermatophyta,55350,CO,NA,outcrop,58.7,55.8,26,110,109,Bombacacidites,annae,NA,NA,NA,NA
297101,occurrence,28434,Bombacacidites protofoveoreticulatus n. sp.,species,327218,Bombacacidites protofoveoreticulatus,species,327218,Late Paleocene,58.7,55.8,7828;7828,-73.016670,4.900000,Bombacacidites,276601,Bombacaceae,55599,Malvales,54911,Magnoliopsida,55217,Spermatophyta,55350,CO,NA,outcrop,58.7,55.8,26,110,109,Bombacacidites,protofoveoreticulatus,NA,NA,n. sp.,NA
297105,occurrence,28435,Bombacacidites annae,species,280344,Bombacacidites annae,species,280344,Late Paleocene,58.7,55.8,7828;7828,-73.016670,4.900000,Bombacacidites,276601,Bombacaceae,55599,Malvales,54911,Magnoliopsida,55217,Spermatophyta,55350,CO,NA,outcrop,58.7,55.8,26,110,109,Bombacacidites,annae,NA,NA,NA,NA
297318,occurrence,28436,Bombacacidites annae,species,280344,Bombacacidites annae,species,280344,Late Paleocene,58.7,55.8,7828;7828,-73.016670,4.900000,Bombacacidites,276601,Bombacaceae,55599,Malvales,54911,Magnoliopsida,55217,Spermatophyta,55350,CO,NA,outcrop,58.7,55.8,26,110,109,Bombacacidites,annae,NA,NA,NA,NA
297319,occurrence,28436,Bombacacidites protofeoreticulatus n. sp.,species,276601,Bombacacidites,genus,276601,Late Paleocene,58.7,55.8,7828;7828,-73.016670,4.900000,Bombacacidites,276601,Bombacaceae,55599,Malvales,54911,Magnoliopsida,55217,Spermatophyta,55350,CO,NA,outcrop,58.7,55.8,26,110,109,Bombacacidites,protofeoreticulatus,NA,NA,n. sp.,NA
297320,occurrence,28436,Bombacacidites sp.,genus,276601,Bombacacidites,genus,276601,Late Paleocene,58.7,55.8,7828;7828,-73.016670,4.900000,Bombacacidites,276601,Bombacaceae,55599,Malvales,54911,Magnoliopsida,55217,Spermatophyta,55350,CO,NA,outcrop,58.7,55.8,26,110,109,Bombacacidites,sp.,NA,NA,NA,NA
297646,occurrence,28438,Bombacacidites annae,species,280344,Bombacacidites annae,species,280344,Late Paleocene,58.7,55.8,7828;7828,-73.016670,4.900000,Bombacacidites,276601,Bombacaceae,55599,Malvales,54911,Magnoliopsida,55217,Spermatophyta,55350,CO,NA,outcrop,58.7,55.8,26,110,109,Bombacacidites,annae,NA,NA,NA,NA
297650,occurrence,28439,Bombacacidites annae,species,280344,Bombacacidites annae,species,280344,Late Paleocene,58.7,55.8,7828;7828,-73.016670,4.900000,Bombacacidites,276601,Bombacaceae,55599,Malvales,54911,Magnoliopsida,55217,Spermatophyta,55350,CO,NA,outcrop,58.7,55.8,26,110,109,Bombacacidites,annae,NA,NA,NA,NA
297651,occurrence,28439,Bombacacidites protofoveoreticulatus n. sp.,species,327218,Bombacacidites protofoveoreticulatus,species,327218,Late Paleocene,58.7,55.8,7828;7828,-73.016670,4.900000,Bombacacidites,276601,Bombacaceae,55599,Malvales,54911,Magnoliopsida,55217,Spermatophyta,55350,CO,NA,outcrop,58.7,55.8,26,110,109,Bombacacidites,protofoveoreticulatus,NA,NA,n. sp.,NA
297652,occurrence,28439,Bombacacidites sp.,genus,276601,Bombacacidites,genus,276601,Late Paleocene,58.7,55.8,7828;7828,-73.016670,4.900000,Bombacacidites,276601,Bombacaceae,55599,Malvales,54911,Magnoliopsida,55217,Spermatophyta,55350,CO,NA,outcrop,58.7,55.8,26,110,109,Bombacacidites,sp.,NA,NA,NA,NA
298837,occurrence,28563,Bombacacidites annae,species,280344,Bombacacidites annae,species,280344,Late Paleocene,58.7,55.8,7828;7828,-73.016670,4.900000,Bombacacidites,276601,Bombacaceae,55599,Malvales,54911,Magnoliopsida,55217,Spermatophyta,55350,CO,NA,outcrop,58.7,55.8,26,110,109,Bombacacidites,annae,NA,NA,NA,NA
298838,occurrence,28563,Bombacacidites protofoveoreticulatus n. sp.,species,327218,Bombacacidites protofoveoreticulatus,species,327218,Late Paleocene,58.7,55.8,7828;7828,-73.016670,4.900000,Bombacacidites,276601,Bombacaceae,55599,Malvales,54911,Magnoliopsida,55217,Spermatophyta,55350,CO,NA,outcrop,58.7,55.8,26,110,109,Bombacacidites,protofoveoreticulatus,NA,NA,n. sp.,NA
298839,occurrence,28563,Bombacacidites sp.,genus,276601,Bombacacidites,genus,276601,Late Paleocene,58.7,55.8,7828;7828,-73.016670,4.900000,Bombacacidites,276601,Bombacaceae,55599,Malvales,54911,Magnoliopsida,55217,Spermatophyta,55350,CO,NA,outcrop,58.7,55.8,26,110,109,Bombacacidites,sp.,NA,NA,NA,NA
298872,occurrence,28564,Bombacacidites annae,species,280344,Bombacacidites annae,species,280344,Late Paleocene,58.7,55.8,7828;7828,-73.016670,4.900000,Bombacacidites,276601,Bombacaceae,55599,Malvales,54911,Magnoliopsida,55217,Spermatophyta,55350,CO,NA,outcrop,58.7,55.8,26,110,109,Bombacacidites,annae,NA,NA,NA,NA
298873,occurrence,28564,Bombacacidites protofoveoreticulatus n. sp.,species,327218,Bombacacidites protofoveoreticulatus,species,327218,Late Paleocene,58.7,55.8,7828;7828,-73.016670,4.900000,Bombacacidites,276601,Bombacaceae,55599,Malvales,54911,Magnoliopsida,55217,Spermatophyta,55350,CO,NA,outcrop,58.7,55.8,26,110,109,Bombacacidites,protofoveoreticulatus,NA,NA,n. sp.,NA
298875,occurrence,28565,Bombacacidites annae,species,280344,Bombacacidites annae,species,280344,Late Paleocene,58.7,55.8,7828;7828,-73.016670,4.900000,Bombacacidites,276601,Bombacaceae,55599,Malvales,54911,Magnoliopsida,55217,Spermatophyta,55350,CO,NA,outcrop,58.7,55.8,26,110,109,Bombacacidites,annae,NA,NA,NA,NA
298906,occurrence,28567,Bombacacidites annae,species,280344,Bombacacidites annae,species,280344,Late Paleocene,58.7,55.8,7828;7828,-73.016670,4.900000,Bombacacidites,276601,Bombacaceae,55599,Malvales,54911,Magnoliopsida,55217,Spermatophyta,55350,CO,NA,outcrop,58.7,55.8,26,110,109,Bombacacidites,annae,NA,NA,NA,NA
298907,occurrence,28567,Bombacacidites sp.,genus,276601,Bombacacidites,genus,276601,Late Paleocene,58.7,55.8,7828;7828,-73.016670,4.900000,Bombacacidites,276601,Bombacaceae,55599,Malvales,54911,Magnoliopsida,55217,Spermatophyta,55350,CO,NA,outcrop,58.7,55.8,26,110,109,Bombacacidites,sp.,NA,NA,NA,NA
298979,occurrence,28568,Bombacacidites annae,species,280344,Bombacacidites annae,species,280344,Late Paleocene,58.7,55.8,7828;7828,-73.016670,4.900000,Bombacacidites,276601,Bombacaceae,55599,Malvales,54911,Magnoliopsida,55217,Spermatophyta,55350,CO,NA,outcrop,58.7,55.8,26,110,109,Bombacacidites,annae,NA,NA,NA,NA
299212,occurrence,28775,Bombacacidites nacimientoensis,species,328011,Bombacacidites nacimientoensis,species,328011,Middle Eocene,48.6,37.2,7828;7828,-73.016670,4.900000,Bombacacidites,276601,Bombacaceae,55599,Malvales,54911,Magnoliopsida,55217,Spermatophyta,55350,CO,NA,outcrop,48.6,37.2,37,109,106,Bombacacidites,nacimientoensis,NA,NA,NA,NA
299728,occurrence,28861,Bombacacidites brevis,species,327976,Bombacacidites brevis,species,327976,Middle Eocene,48.6,37.2,7828;7828,-73.016670,4.900000,Bombacacidites,276601,Bombacaceae,55599,Malvales,54911,Magnoliopsida,55217,Spermatophyta,55350,CO,NA,outcrop,48.6,37.2,37,109,106,Bombacacidites,brevis,NA,NA,NA,NA
299729,occurrence,28861,Bombacacidites fossureticulatus n. sp.,species,327997,Bombacacidites fossureticulatus,species,327997,Middle Eocene,48.6,37.2,7828;7828,-73.016670,4.900000,Bombacacidites,276601,Bombacaceae,55599,Malvales,54911,Magnoliopsida,55217,Spermatophyta,55350,CO,NA,outcrop,48.6,37.2,37,109,106,Bombacacidites,fossureticulatus,NA,NA,n. sp.,NA
299730,occurrence,28861,Bombacacidites nacimientoensis,species,328011,Bombacacidites nacimientoensis,species,328011,Middle Eocene,48.6,37.2,7828;7828,-73.016670,4.900000,Bombacacidites,276601,Bombacaceae,55599,Malvales,54911,Magnoliopsida,55217,Spermatophyta,55350,CO,NA,outcrop,48.6,37.2,37,109,106,Bombacacidites,nacimientoensis,NA,NA,NA,NA
299731,occurrence,28861,Bombacacidites simplireticulatus n. sp.,species,328019,Bombacacidites simplireticulatus,species,328019,Middle Eocene,48.6,37.2,7828;7828,-73.016670,4.900000,Bombacacidites,276601,Bombacaceae,55599,Malvales,54911,Magnoliopsida,55217,Spermatophyta,55350,CO,NA,outcrop,48.6,37.2,37,109,106,Bombacacidites,simplireticulatus,NA,NA,n. sp.,NA
299821,occurrence,28862,Bombacacidites fossureticulatus n. sp.,species,327997,Bombacacidites fossureticulatus,species,327997,Middle Eocene,48.6,37.2,7828;7828,-73.016670,4.900000,Bombacacidites,276601,Bombacaceae,55599,Malvales,54911,Magnoliopsida,55217,Spermatophyta,55350,CO,NA,outcrop,48.6,37.2,37,109,106,Bombacacidites,fossureticulatus,NA,NA,n. sp.,NA
300313,occurrence,28863,Bombacacidites brevis,species,327976,Bombacacidites brevis,species,327976,Middle Eocene,48.6,37.2,7828;7828,-73.016670,4.900000,Bombacacidites,276601,Bombacaceae,55599,Malvales,54911,Magnoliopsida,55217,Spermatophyta,55350,CO,NA,outcrop,48.6,37.2,37,109,106,Bombacacidites,brevis,NA,NA,NA,NA
300314,occurrence,28863,Bombacacidites fossureticulatus n. sp.,species,327997,Bombacacidites fossureticulatus,species,327997,Middle Eocene,48.6,37.2,7828;7828,-73.016670,4.900000,Bombacacidites,276601,Bombacaceae,55599,Malvales,54911,Magnoliopsida,55217,Spermatophyta,55350,CO,NA,outcrop,48.6,37.2,37,109,106,Bombacacidites,fossureticulatus,NA,NA,n. sp.,NA
300315,occurrence,28863,Bombacacidites nacimientoensis,species,328011,Bombacacidites nacimientoensis,species,328011,Middle Eocene,48.6,37.2,7828;7828,-73.016670,4.900000,Bombacacidites,276601,Bombacaceae,55599,Malvales,54911,Magnoliopsida,55217,Spermatophyta,55350,CO,NA,outcrop,48.6,37.2,37,109,106,Bombacacidites,nacimientoensis,NA,NA,NA,NA
301218,occurrence,28864,Bombacacidites fossureticulatus n. sp.,species,327997,Bombacacidites fossureticulatus,species,327997,Middle Eocene,48.6,37.2,7828;7828,-73.016670,4.900000,Bombacacidites,276601,Bombacaceae,55599,Malvales,54911,Magnoliopsida,55217,Spermatophyta,55350,CO,NA,outcrop,48.6,37.2,37,109,106,Bombacacidites,fossureticulatus,NA,NA,n. sp.,NA
301307,occurrence,28865,Bacutriporites echinatus n. sp.,species,327961,Bacutriporites echinatus,species,327961,Middle Eocene,48.6,37.2,7828;7828,-73.016670,4.900000,Bacutriporites,327341,Bombacaceae,55599,Malvales,54911,Magnoliopsida,55217,Spermatophyta,55350,CO,NA,outcrop,48.6,37.2,37,109,106,Bacutriporites,echinatus,NA,NA,n. sp.,NA
301308,occurrence,28865,Bombacacidites brevis,species,327976,Bombacacidites brevis,species,327976,Middle Eocene,48.6,37.2,7828;7828,-73.016670,4.900000,Bombacacidites,276601,Bombacaceae,55599,Malvales,54911,Magnoliopsida,55217,Spermatophyta,55350,CO,NA,outcrop,48.6,37.2,37,109,106,Bombacacidites,brevis,NA,NA,NA,NA
301309,occurrence,28865,Bombacacidites fossureticulatus n. sp.,species,327997,Bombacacidites fossureticulatus,species,327997,Middle Eocene,48.6,37.2,7828;7828,-73.016670,4.900000,Bombacacidites,276601,Bombacaceae,55599,Malvales,54911,Magnoliopsida,55217,Spermatophyta,55350,CO,NA,outcrop,48.6,37.2,37,109,106,Bombacacidites,fossureticulatus,NA,NA,n. sp.,NA
301310,occurrence,28865,Bombacacidites nacimientoensis,species,328011,Bombacacidites nacimientoensis,species,328011,Middle Eocene,48.6,37.2,7828;7828,-73.016670,4.900000,Bombacacidites,276601,Bombacaceae,55599,Malvales,54911,Magnoliopsida,55217,Spermatophyta,55350,CO,NA,outcrop,48.6,37.2,37,109,106,Bombacacidites,nacimientoensis,NA,NA,NA,NA
301663,occurrence,28866,Bombacacidites nacimientoensis,species,328011,Bombacacidites nacimientoensis,species,328011,Middle Eocene,48.6,37.2,7828;7828,-73.016670,4.900000,Bombacacidites,276601,Bombacaceae,55599,Malvales,54911,Magnoliopsida,55217,Spermatophyta,55350,CO,NA,outcrop,48.6,37.2,37,109,106,Bombacacidites,nacimientoensis,NA,NA,NA,NA
301697,occurrence,29073,Bombacacidites brevis,species,327976,Bombacacidites brevis,species,327976,Middle Eocene,48.6,37.2,7828;7828,-73.016670,4.900000,Bombacacidites,276601,Bombacaceae,55599,Malvales,54911,Magnoliopsida,55217,Spermatophyta,55350,CO,NA,outcrop,48.6,37.2,37,109,106,Bombacacidites,brevis,NA,NA,NA,NA
301698,occurrence,29073,Bombacacidites fossureticulatus n. sp.,species,327997,Bombacacidites fossureticulatus,species,327997,Middle Eocene,48.6,37.2,7828;7828,-73.016670,4.900000,Bombacacidites,276601,Bombacaceae,55599,Malvales,54911,Magnoliopsida,55217,Spermatophyta,55350,CO,NA,outcrop,48.6,37.2,37,109,106,Bombacacidites,fossureticulatus,NA,NA,n. sp.,NA
301699,occurrence,29073,Bombacacidites gonzalezii,species,328005,Bombacacidites gonzalezii,species,328005,Middle Eocene,48.6,37.2,7828;7828,-73.016670,4.900000,Bombacacidites,276601,Bombacaceae,55599,Malvales,54911,Magnoliopsida,55217,Spermatophyta,55350,CO,NA,outcrop,48.6,37.2,37,109,106,Bombacacidites,gonzalezii,NA,NA,NA,NA
301700,occurrence,29073,Bombacacidites nacimientoensis,species,328011,Bombacacidites nacimientoensis,species,328011,Middle Eocene,48.6,37.2,7828;7828,-73.016670,4.900000,Bombacacidites,276601,Bombacaceae,55599,Malvales,54911,Magnoliopsida,55217,Spermatophyta,55350,CO,NA,outcrop,48.6,37.2,37,109,106,Bombacacidites,nacimientoensis,NA,NA,NA,NA
301874,occurrence,29074,Bombacacidites brevis,species,327976,Bombacacidites brevis,species,327976,Middle Eocene,48.6,37.2,7828;7828,-73.016670,4.900000,Bombacacidites,276601,Bombacaceae,55599,Malvales,54911,Magnoliopsida,55217,Spermatophyta,55350,CO,NA,outcrop,48.6,37.2,37,109,106,Bombacacidites,brevis,NA,NA,NA,NA
301875,occurrence,29074,Bombacacidites gonzalezii n. sp.,species,328005,Bombacacidites gonzalezii,species,328005,Middle Eocene,48.6,37.2,7828;7828,-73.016670,4.900000,Bombacacidites,276601,Bombacaceae,55599,Malvales,54911,Magnoliopsida,55217,Spermatophyta,55350,CO,NA,outcrop,48.6,37.2,37,109,106,Bombacacidites,gonzalezii,NA,NA,n. sp.,NA
301876,occurrence,29074,Bombacacidites nacimientoensis,species,328011,Bombacacidites nacimientoensis,species,328011,Middle Eocene,48.6,37.2,7828;7828,-73.016670,4.900000,Bombacacidites,276601,Bombacaceae,55599,Malvales,54911,Magnoliopsida,55217,Spermatophyta,55350,CO,NA,outcrop,48.6,37.2,37,109,106,Bombacacidites,nacimientoensis,NA,NA,NA,NA
302186,occurrence,29075,Bombacacidites annae,species,280344,Bombacacidites annae,species,280344,Middle Eocene,48.6,37.2,7828;7828,-73.016670,4.900000,Bombacacidites,276601,Bombacaceae,55599,Malvales,54911,Magnoliopsida,55217,Spermatophyta,55350,CO,NA,outcrop,48.6,37.2,37,109,106,Bombacacidites,annae,NA,NA,NA,NA
302187,occurrence,29075,Bombacacidites sp.,genus,276601,Bombacacidites,genus,276601,Middle Eocene,48.6,37.2,7828;7828,-73.016670,4.900000,Bombacacidites,276601,Bombacaceae,55599,Malvales,54911,Magnoliopsida,55217,Spermatophyta,55350,CO,NA,outcrop,48.6,37.2,37,109,106,Bombacacidites,sp.,NA,NA,NA,NA
302255,occurrence,29076,Bombacacidites brevis,species,327976,Bombacacidites brevis,species,327976,Middle Eocene,48.6,37.2,7828;7828,-73.016670,4.900000,Bombacacidites,276601,Bombacaceae,55599,Malvales,54911,Magnoliopsida,55217,Spermatophyta,55350,CO,NA,outcrop,48.6,37.2,37,109,106,Bombacacidites,brevis,NA,NA,NA,NA
302261,occurrence,29077,Bombacacidites brevis,species,327976,Bombacacidites brevis,species,327976,Middle Eocene,48.6,37.2,7828;7828,-73.016670,4.900000,Bombacacidites,276601,Bombacaceae,55599,Malvales,54911,Magnoliopsida,55217,Spermatophyta,55350,CO,NA,outcrop,48.6,37.2,37,109,106,Bombacacidites,brevis,NA,NA,NA,NA
302305,occurrence,29078,Bombacacidites brevis,species,327976,Bombacacidites brevis,species,327976,Middle Eocene,48.6,37.2,7828;7828,-73.016670,4.900000,Bombacacidites,276601,Bombacaceae,55599,Malvales,54911,Magnoliopsida,55217,Spermatophyta,55350,CO,NA,outcrop,48.6,37.2,37,109,106,Bombacacidites,brevis,NA,NA,NA,NA
302306,occurrence,29078,Bombacacidites nacimientoensis,species,328011,Bombacacidites nacimientoensis,species,328011,Middle Eocene,48.6,37.2,7828;7828,-73.016670,4.900000,Bombacacidites,276601,Bombacaceae,55599,Malvales,54911,Magnoliopsida,55217,Spermatophyta,55350,CO,NA,outcrop,48.6,37.2,37,109,106,Bombacacidites,nacimientoensis,NA,NA,NA,NA
302396,occurrence,29079,Bombacacidites brevis,species,327976,Bombacacidites brevis,species,327976,Middle Eocene,48.6,37.2,7828;7828,-73.016670,4.900000,Bombacacidites,276601,Bombacaceae,55599,Malvales,54911,Magnoliopsida,55217,Spermatophyta,55350,CO,NA,outcrop,48.6,37.2,37,109,106,Bombacacidites,brevis,NA,NA,NA,NA
302397,occurrence,29079,Bombacacidites foveoreticulatus,species,328003,Bombacacidites foveoreticulatus,species,328003,Middle Eocene,48.6,37.2,7828;7828,-73.016670,4.900000,Bombacacidites,276601,Bombacaceae,55599,Malvales,54911,Magnoliopsida,55217,Spermatophyta,55350,CO,NA,outcrop,48.6,37.2,37,109,106,Bombacacidites,foveoreticulatus,NA,NA,NA,NA
302398,occurrence,29079,Bombacacidites gonzalezii n. sp.,species,328005,Bombacacidites gonzalezii,species,328005,Middle Eocene,48.6,37.2,7828;7828,-73.016670,4.900000,Bombacacidites,276601,Bombacaceae,55599,Malvales,54911,Magnoliopsida,55217,Spermatophyta,55350,CO,NA,outcrop,48.6,37.2,37,109,106,Bombacacidites,gonzalezii,NA,NA,n. sp.,NA
302399,occurrence,29079,Bombacacidites soleaformis,species,328025,Bombacacidites soleaformis,species,328025,Middle Eocene,48.6,37.2,7828;7828,-73.016670,4.900000,Bombacacidites,276601,Bombacaceae,55599,Malvales,54911,Magnoliopsida,55217,Spermatophyta,55350,CO,NA,outcrop,48.6,37.2,37,109,106,Bombacacidites,soleaformis,NA,NA,NA,NA
302400,occurrence,29079,Bombacacidites sp.,genus,276601,Bombacacidites,genus,276601,Middle Eocene,48.6,37.2,7828;7828,-73.016670,4.900000,Bombacacidites,276601,Bombacaceae,55599,Malvales,54911,Magnoliopsida,55217,Spermatophyta,55350,CO,NA,outcrop,48.6,37.2,37,109,106,Bombacacidites,sp.,NA,NA,NA,NA
302438,occurrence,29080,Bombacacidites grahamii n. sp.,species,328010,Bombacacidites grahamii,species,328010,Early Eocene,55.8,48.6,7828;7828,-72.616669,7.700000,Bombacacidites,276601,Bombacaceae,55599,Malvales,54911,Magnoliopsida,55217,Spermatophyta,55350,CO,NA,outcrop,55.8,48.6,109,109,109,Bombacacidites,grahamii,NA,NA,n. sp.,NA
302439,occurrence,29080,Bombacacidites psilatus n. sp.,species,328015,Bombacacidites psilatus,species,328015,Early Eocene,55.8,48.6,7828;7828,-72.616669,7.700000,Bombacacidites,276601,Bombacaceae,55599,Malvales,54911,Magnoliopsida,55217,Spermatophyta,55350,CO,NA,outcrop,55.8,48.6,109,109,109,Bombacacidites,psilatus,NA,NA,n. sp.,NA
302510,occurrence,29143,Bombacacidites soleaformis,species,328025,Bombacacidites soleaformis,species,328025,Early Eocene,55.8,48.6,7828;7828,-72.616669,7.700000,Bombacacidites,276601,Bombacaceae,55599,Malvales,54911,Magnoliopsida,55217,Spermatophyta,55350,CO,NA,outcrop,55.8,48.6,109,109,109,Bombacacidites,soleaformis,NA,NA,NA,NA
302564,occurrence,29148,Bombacacidites foveoreticulatus n. sp.,species,328003,Bombacacidites foveoreticulatus,species,328003,Middle Eocene,48.6,37.2,7828;7828,-72.616669,7.700000,Bombacacidites,276601,Bombacaceae,55599,Malvales,54911,Magnoliopsida,55217,Spermatophyta,55350,CO,NA,outcrop,48.6,37.2,37,109,106,Bombacacidites,foveoreticulatus,NA,NA,n. sp.,NA
302878,occurrence,29155,Bombacacidites psilatus n. sp.,species,328015,Bombacacidites psilatus,species,328015,Middle Eocene,48.6,37.2,7828;7828,-73.333336,7.333333,Bombacacidites,276601,Bombacaceae,55599,Malvales,54911,Magnoliopsida,55217,Spermatophyta,55350,CO,NA,outcrop,48.6,37.2,37,109,106,Bombacacidites,psilatus,NA,NA,n. sp.,NA
302897,occurrence,29156,Bombacacidites brevis,species,327976,Bombacacidites brevis,species,327976,Middle Eocene,48.6,37.2,7828;7828,-73.333336,7.333333,Bombacacidites,276601,Bombacaceae,55599,Malvales,54911,Magnoliopsida,55217,Spermatophyta,55350,CO,NA,outcrop,48.6,37.2,37,109,106,Bombacacidites,brevis,NA,NA,NA,NA
302898,occurrence,29156,Bombacacidites nacimientoensis,species,328011,Bombacacidites nacimientoensis,species,328011,Middle Eocene,48.6,37.2,7828;7828,-73.333336,7.333333,Bombacacidites,276601,Bombacaceae,55599,Malvales,54911,Magnoliopsida,55217,Spermatophyta,55350,CO,NA,outcrop,48.6,37.2,37,109,106,Bombacacidites,nacimientoensis,NA,NA,NA,NA
302899,occurrence,29156,Bombacacidites psilatus n. sp.,species,328015,Bombacacidites psilatus,species,328015,Middle Eocene,48.6,37.2,7828;7828,-73.333336,7.333333,Bombacacidites,276601,Bombacaceae,55599,Malvales,54911,Magnoliopsida,55217,Spermatophyta,55350,CO,NA,outcrop,48.6,37.2,37,109,106,Bombacacidites,psilatus,NA,NA,n. sp.,NA
302933,occurrence,29158,Bombacacidites psilatus n. sp.,species,328015,Bombacacidites psilatus,species,328015,Middle Eocene,48.6,37.2,7828;7828,-73.333336,7.333333,Bombacacidites,276601,Bombacaceae,55599,Malvales,54911,Magnoliopsida,55217,Spermatophyta,55350,CO,NA,outcrop,48.6,37.2,37,109,106,Bombacacidites,psilatus,NA,NA,n. sp.,NA
302952,occurrence,29159,Bombacacidites psilatus n. sp.,species,328015,Bombacacidites psilatus,species,328015,Middle Eocene,48.6,37.2,7828;7828,-73.333336,7.333333,Bombacacidites,276601,Bombacaceae,55599,Malvales,54911,Magnoliopsida,55217,Spermatophyta,55350,CO,NA,outcrop,48.6,37.2,37,109,106,Bombacacidites,psilatus,NA,NA,n. sp.,NA
302953,occurrence,29159,Bombacacidites simplireticulatus n. sp.,species,328019,Bombacacidites simplireticulatus,species,328019,Middle Eocene,48.6,37.2,7828;7828,-73.333336,7.333333,Bombacacidites,276601,Bombacaceae,55599,Malvales,54911,Magnoliopsida,55217,Spermatophyta,55350,CO,NA,outcrop,48.6,37.2,37,109,106,Bombacacidites,simplireticulatus,NA,NA,n. sp.,NA
341921,occurrence,32201,Malvacarpus guinazui n. sp.,species,53877,Malvacarpus,genus,53877,Early Eocene,55.8,5.333,8673;8673,-71.000000,-41.000000,Malvacarpus,53877,Malvaceae,53879,Malvales,54911,Magnoliopsida,55217,Spermatophyta,55350,AR,NA,outcrop,55.8,5.333,1,37,35,Malvacarpus,guinazui,Late Miocene,NA,n. sp.,NA
342543,occurrence,32238,Bombacacidites sp.,genus,276601,Bombacacidites,genus,276601,Middle Eocene,48.6,37.2,8692;8692,-77.000000,18.000000,Bombacacidites,276601,Bombacaceae,55599,Malvales,54911,Magnoliopsida,55217,Spermatophyta,55350,JM,NA,outcrop,48.6,37.2,37,109,106,Bombacacidites,sp.,NA,Trelawny,NA,NA
343118,occurrence,32312,Malvaceae indet.,family,53879,Malvaceae,family,53879,Pliocene,5.333,2.588,8695;8695,-79.949997,9.133333,NA,NA,Malvaceae,53879,Malvales,54911,Magnoliopsida,55217,Spermatophyta,55350,PA,NA,outcrop,5.333,2.588,34,34,34,Malvaceae,indet.,NA,NA,NA,NA
343132,occurrence,32306,Malvaceae indet.,family,53879,Malvaceae,family,53879,Pliocene,5.333,2.588,8695;8695,-79.866669,9.266667,NA,NA,Malvaceae,53879,Malvales,54911,Magnoliopsida,55217,Spermatophyta,55350,PA,NA,outcrop,5.333,2.588,34,34,34,Malvaceae,indet.,NA,NA,NA,NA
343141,occurrence,32307,Malvaceae indet.,family,53879,Malvaceae,family,53879,Pliocene,5.333,2.588,8695;8695,-79.866669,9.266667,NA,NA,Malvaceae,53879,Malvales,54911,Magnoliopsida,55217,Spermatophyta,55350,PA,NA,outcrop,5.333,2.588,34,34,34,Malvaceae,indet.,NA,NA,NA,NA
343164,occurrence,32308,Malvaceae indet.,family,53879,Malvaceae,family,53879,Pliocene,5.333,2.588,8695;8695,-79.866669,9.266667,NA,NA,Malvaceae,53879,Malvales,54911,Magnoliopsida,55217,Spermatophyta,55350,PA,NA,outcrop,5.333,2.588,34,34,34,Malvaceae,indet.,NA,NA,NA,NA
343986,occurrence,32401,Malvaceae indet.,family,53879,Malvaceae,family,53879,Early Miocene,23.03,15.97,8740;8740,-79.633331,9.033333,NA,NA,Malvaceae,53879,Malvales,54911,Magnoliopsida,55217,Spermatophyta,55350,PA,NA,outcrop,23.03,15.97,35,103,102,Malvaceae,indet.,NA,NA,NA,NA
344004,occurrence,32400,Malvaceae indet.,family,53879,Malvaceae,family,53879,Early Miocene,23.03,15.97,8740;8740,-79.633331,9.033333,NA,NA,Malvaceae,53879,Malvales,54911,Magnoliopsida,55217,Spermatophyta,55350,PA,NA,outcrop,23.03,15.97,35,103,102,Malvaceae,indet.,NA,NA,NA,NA
344017,occurrence,32399,Malvaceae indet.,family,53879,Malvaceae,family,53879,Early Miocene,23.03,15.97,8740;8740,-79.633331,9.033333,NA,NA,Malvaceae,53879,Malvales,54911,Magnoliopsida,55217,Spermatophyta,55350,PA,NA,outcrop,23.03,15.97,35,103,102,Malvaceae,indet.,NA,NA,NA,NA
344037,occurrence,32397,Malvaceae indet.,family,53879,Malvaceae,family,53879,Early Miocene,23.03,15.97,8740;8740,-79.633331,9.033333,NA,NA,Malvaceae,53879,Malvales,54911,Magnoliopsida,55217,Spermatophyta,55350,PA,NA,outcrop,23.03,15.97,35,103,102,Malvaceae,indet.,NA,NA,NA,NA
344060,occurrence,32396,Malvaceae indet.,family,53879,Malvaceae,family,53879,Early Miocene,23.03,15.97,8740;8740,-79.633331,9.033333,NA,NA,Malvaceae,53879,Malvales,54911,Magnoliopsida,55217,Spermatophyta,55350,PA,NA,outcrop,23.03,15.97,35,103,102,Malvaceae,indet.,NA,NA,NA,NA
344076,occurrence,32395,Malvaceae indet.,family,53879,Malvaceae,family,53879,Early Miocene,23.03,15.97,8740;8740,-79.633331,9.033333,NA,NA,Malvaceae,53879,Malvales,54911,Magnoliopsida,55217,Spermatophyta,55350,PA,NA,outcrop,23.03,15.97,35,103,102,Malvaceae,indet.,NA,NA,NA,NA
344100,occurrence,32394,Malvaceae indet.,family,53879,Malvaceae,family,53879,Early Miocene,23.03,15.97,8740;8740,-79.633331,9.033333,NA,NA,Malvaceae,53879,Malvales,54911,Magnoliopsida,55217,Spermatophyta,55350,PA,NA,outcrop,23.03,15.97,35,103,102,Malvaceae,indet.,NA,NA,NA,NA
344114,occurrence,32393,Malvaceae indet.,family,53879,Malvaceae,family,53879,Early Miocene,23.03,15.97,8740;8740,-79.633331,9.033333,NA,NA,Malvaceae,53879,Malvales,54911,Magnoliopsida,55217,Spermatophyta,55350,PA,NA,outcrop,23.03,15.97,35,103,102,Malvaceae,indet.,NA,NA,NA,NA
344127,occurrence,32392,Malvaceae indet.,family,53879,Malvaceae,family,53879,Early Miocene,23.03,15.97,8740;8740,-79.633331,9.033333,NA,NA,Malvaceae,53879,Malvales,54911,Magnoliopsida,55217,Spermatophyta,55350,PA,NA,outcrop,23.03,15.97,35,103,102,Malvaceae,indet.,NA,NA,NA,NA
344137,occurrence,32391,Malvaceae indet.,family,53879,Malvaceae,family,53879,Early Miocene,23.03,15.97,8740;8740,-79.633331,9.033333,NA,NA,Malvaceae,53879,Malvales,54911,Magnoliopsida,55217,Spermatophyta,55350,PA,NA,outcrop,23.03,15.97,35,103,102,Malvaceae,indet.,NA,NA,NA,NA
344145,occurrence,32390,Malvaceae indet.,family,53879,Malvaceae,family,53879,Early Miocene,23.03,15.97,8740;8740,-79.633331,9.033333,NA,NA,Malvaceae,53879,Malvales,54911,Magnoliopsida,55217,Spermatophyta,55350,PA,NA,outcrop,23.03,15.97,35,103,102,Malvaceae,indet.,NA,NA,NA,NA
353574,occurrence,11090,Bombacacidites spp.,genus,276601,Bombacacidites,genus,276601,Eocene,56,33.9,4067;4067,-92.000000,30.000000,Bombacacidites,276601,Bombacaceae,55599,Malvales,54911,Magnoliopsida,55217,Spermatophyta,55350,US,Louisiana,NA,56,33.9,37,37,37,Bombacacidites,spp.,NA,Allen,NA,NA
353641,occurrence,11092,Bombacacidites spp.,genus,276601,Bombacacidites,genus,276601,Eocene,56,33.9,4067;4067,-92.000000,30.000000,Bombacacidites,276601,Bombacaceae,55599,Malvales,54911,Magnoliopsida,55217,Spermatophyta,55350,US,Louisiana,NA,56,33.9,37,37,37,Bombacacidites,spp.,NA,Allen,NA,NA
353758,occurrence,11093,Bombacacidites spp.,genus,276601,Bombacacidites,genus,276601,Eocene,56,33.9,4067;4067,-92.000000,30.000000,Bombacacidites,276601,Bombacaceae,55599,Malvales,54911,Magnoliopsida,55217,Spermatophyta,55350,US,Louisiana,NA,56,33.9,37,37,37,Bombacacidites,spp.,NA,Allen,NA,NA
353829,occurrence,11094,Bombacacidites spp.,genus,276601,Bombacacidites,genus,276601,Eocene,56,33.9,4067;4067,-92.000000,30.000000,Bombacacidites,276601,Bombacaceae,55599,Malvales,54911,Magnoliopsida,55217,Spermatophyta,55350,US,Louisiana,NA,56,33.9,37,37,37,Bombacacidites,spp.,NA,Allen,NA,NA
354112,occurrence,11102,Bombacacidites spp.,genus,276601,Bombacacidites,genus,276601,Eocene,56,33.9,4067;4067,-92.000000,30.000000,Bombacacidites,276601,Bombacaceae,55599,Malvales,54911,Magnoliopsida,55217,Spermatophyta,55350,US,Louisiana,NA,56,33.9,37,37,37,Bombacacidites,spp.,NA,Allen,NA,NA
355051,occurrence,33759,Bombacacidites spp.,genus,276601,Bombacacidites,genus,276601,Eocene,56,33.9,4067;4067,-92.000000,30.000000,Bombacacidites,276601,Bombacaceae,55599,Malvales,54911,Magnoliopsida,55217,Spermatophyta,55350,US,Louisiana,small collection,56,33.9,37,37,37,Bombacacidites,spp.,NA,Allen,NA,NA
355101,occurrence,33760,Bombacacidites spp.,genus,276601,Bombacacidites,genus,276601,Eocene,56,33.9,4067;4067,-92.000000,30.000000,Bombacacidites,276601,Bombacaceae,55599,Malvales,54911,Magnoliopsida,55217,Spermatophyta,55350,US,Louisiana,NA,56,33.9,37,37,37,Bombacacidites,spp.,NA,Allen,NA,NA
355179,occurrence,33761,Bombacacidites spp.,genus,276601,Bombacacidites,genus,276601,Eocene,56,33.9,4067;4067,-92.000000,30.000000,Bombacacidites,276601,Bombacaceae,55599,Malvales,54911,Magnoliopsida,55217,Spermatophyta,55350,US,Louisiana,NA,56,33.9,37,37,37,Bombacacidites,spp.,NA,Allen,NA,NA
355226,occurrence,33762,Bombacacidites spp.,genus,276601,Bombacacidites,genus,276601,Eocene,56,33.9,4067;4067,-92.000000,30.000000,Bombacacidites,276601,Bombacaceae,55599,Malvales,54911,Magnoliopsida,55217,Spermatophyta,55350,US,Louisiana,NA,56,33.9,37,37,37,Bombacacidites,spp.,NA,Allen,NA,NA
355299,occurrence,33764,Bombacacidites spp.,genus,276601,Bombacacidites,genus,276601,Eocene,56,33.9,4067;4067,-92.000000,30.000000,Bombacacidites,276601,Bombacaceae,55599,Malvales,54911,Magnoliopsida,55217,Spermatophyta,55350,US,Louisiana,small collection,56,33.9,37,37,37,Bombacacidites,spp.,NA,Allen,NA,NA
355406,occurrence,33766,Bombacacidites spp.,genus,276601,Bombacacidites,genus,276601,Eocene,56,33.9,4067;4067,-92.000000,30.000000,Bombacacidites,276601,Bombacaceae,55599,Malvales,54911,Magnoliopsida,55217,Spermatophyta,55350,US,Louisiana,small collection,56,33.9,37,37,37,Bombacacidites,spp.,NA,Allen,NA,NA
355445,occurrence,33768,Bombacacidites spp.,genus,276601,Bombacacidites,genus,276601,Eocene,56,33.9,4067;4067,-92.000000,30.000000,Bombacacidites,276601,Bombacaceae,55599,Malvales,54911,Magnoliopsida,55217,Spermatophyta,55350,US,Louisiana,small collection,56,33.9,37,37,37,Bombacacidites,spp.,NA,Allen,NA,NA
355563,occurrence,33770,Bombacacidites spp.,genus,276601,Bombacacidites,genus,276601,Eocene,56,33.9,4067;4067,-92.000000,30.000000,Bombacacidites,276601,Bombacaceae,55599,Malvales,54911,Magnoliopsida,55217,Spermatophyta,55350,US,Louisiana,small collection,56,33.9,37,37,37,Bombacacidites,spp.,NA,Allen,NA,NA
356160,occurrence,33772,Bombacacidites spp.,genus,276601,Bombacacidites,genus,276601,Eocene,56,33.9,4067;4067,-92.000000,30.000000,Bombacacidites,276601,Bombacaceae,55599,Malvales,54911,Magnoliopsida,55217,Spermatophyta,55350,US,Louisiana,small collection,56,33.9,37,37,37,Bombacacidites,spp.,NA,Allen,NA,NA
356273,occurrence,33773,Bombacacidites spp.,genus,276601,Bombacacidites,genus,276601,Eocene,56,33.9,4067;4067,-92.000000,30.000000,Bombacacidites,276601,Bombacaceae,55599,Malvales,54911,Magnoliopsida,55217,Spermatophyta,55350,US,Louisiana,small collection,56,33.9,37,37,37,Bombacacidites,spp.,NA,Allen,NA,NA
356442,occurrence,33779,Bombacacidites spp.,genus,276601,Bombacacidites,genus,276601,Eocene,56,33.9,4067;4067,-92.000000,30.000000,Bombacacidites,276601,Bombacaceae,55599,Malvales,54911,Magnoliopsida,55217,Spermatophyta,55350,US,Louisiana,NA,56,33.9,37,37,37,Bombacacidites,spp.,NA,Allen,NA,NA
356727,occurrence,33786,Bombacacidites spp.,genus,276601,Bombacacidites,genus,276601,Eocene,56,33.9,4067;4067,-92.000000,30.000000,Bombacacidites,276601,Bombacaceae,55599,Malvales,54911,Magnoliopsida,55217,Spermatophyta,55350,US,Louisiana,small collection,56,33.9,37,37,37,Bombacacidites,spp.,NA,Allen,NA,NA
357263,occurrence,33789,Bombacacidites spp.,genus,276601,Bombacacidites,genus,276601,Eocene,56,33.9,4067;4067,-92.000000,30.000000,Bombacacidites,276601,Bombacaceae,55599,Malvales,54911,Magnoliopsida,55217,Spermatophyta,55350,US,Louisiana,NA,56,33.9,37,37,37,Bombacacidites,spp.,NA,Allen,NA,NA
357320,occurrence,33791,Bombacacidites spp.,genus,276601,Bombacacidites,genus,276601,Eocene,56,33.9,4067;4067,-92.000000,30.000000,Bombacacidites,276601,Bombacaceae,55599,Malvales,54911,Magnoliopsida,55217,Spermatophyta,55350,US,Louisiana,small collection,56,33.9,37,37,37,Bombacacidites,spp.,NA,Allen,NA,NA
358534,occurrence,33804,Bombacacidites spp.,genus,276601,Bombacacidites,genus,276601,Eocene,56,33.9,4067;4067,-92.000000,30.000000,Bombacacidites,276601,Bombacaceae,55599,Malvales,54911,Magnoliopsida,55217,Spermatophyta,55350,US,Louisiana,NA,56,33.9,37,37,37,Bombacacidites,spp.,NA,Allen,NA,NA
358583,occurrence,33806,Bombacacidites spp.,genus,276601,Bombacacidites,genus,276601,Eocene,56,33.9,4067;4067,-92.000000,30.000000,Bombacacidites,276601,Bombacaceae,55599,Malvales,54911,Magnoliopsida,55217,Spermatophyta,55350,US,Louisiana,NA,56,33.9,37,37,37,Bombacacidites,spp.,NA,Allen,NA,NA
358770,occurrence,33816,Bombacacidites spp.,genus,276601,Bombacacidites,genus,276601,Eocene,56,33.9,4067;4067,-92.000000,30.000000,Bombacacidites,276601,Bombacaceae,55599,Malvales,54911,Magnoliopsida,55217,Spermatophyta,55350,US,Louisiana,NA,56,33.9,37,37,37,Bombacacidites,spp.,NA,Allen,NA,NA
358810,occurrence,33818,Bombacacidites spp.,genus,276601,Bombacacidites,genus,276601,Eocene,56,33.9,4067;4067,-92.000000,30.000000,Bombacacidites,276601,Bombacaceae,55599,Malvales,54911,Magnoliopsida,55217,Spermatophyta,55350,US,Louisiana,NA,56,33.9,37,37,37,Bombacacidites,spp.,NA,Allen,NA,NA
358867,occurrence,33820,Bombacacidites spp.,genus,276601,Bombacacidites,genus,276601,Eocene,56,33.9,4067;4067,-92.000000,30.000000,Bombacacidites,276601,Bombacaceae,55599,Malvales,54911,Magnoliopsida,55217,Spermatophyta,55350,US,Louisiana,NA,56,33.9,37,37,37,Bombacacidites,spp.,NA,Allen,NA,NA
358912,occurrence,33823,Bombacacidites spp.,genus,276601,Bombacacidites,genus,276601,Eocene,56,33.9,4067;4067,-92.000000,30.000000,Bombacacidites,276601,Bombacaceae,55599,Malvales,54911,Magnoliopsida,55217,Spermatophyta,55350,US,Louisiana,NA,56,33.9,37,37,37,Bombacacidites,spp.,NA,Allen,NA,NA
359517,occurrence,33829,Bombacacidites spp.,genus,276601,Bombacacidites,genus,276601,Eocene,56,33.9,4067;4067,-92.000000,30.000000,Bombacacidites,276601,Bombacaceae,55599,Malvales,54911,Magnoliopsida,55217,Spermatophyta,55350,US,Louisiana,small collection,56,33.9,37,37,37,Bombacacidites,spp.,NA,Allen,NA,NA
359561,occurrence,33830,Bombacacidites spp.,genus,276601,Bombacacidites,genus,276601,Eocene,56,33.9,4067;4067,-92.000000,30.000000,Bombacacidites,276601,Bombacaceae,55599,Malvales,54911,Magnoliopsida,55217,Spermatophyta,55350,US,Louisiana,small collection,56,33.9,37,37,37,Bombacacidites,spp.,NA,Allen,NA,NA
359637,occurrence,33834,Bombacacidites spp.,genus,276601,Bombacacidites,genus,276601,Eocene,56,33.9,4067;4067,-92.000000,30.000000,Bombacacidites,276601,Bombacaceae,55599,Malvales,54911,Magnoliopsida,55217,Spermatophyta,55350,US,Louisiana,small collection,56,33.9,37,37,37,Bombacacidites,spp.,NA,Allen,NA,NA
359882,occurrence,33838,Bombacacidites spp.,genus,276601,Bombacacidites,genus,276601,Eocene,56,33.9,4067;4067,-92.000000,30.000000,Bombacacidites,276601,Bombacaceae,55599,Malvales,54911,Magnoliopsida,55217,Spermatophyta,55350,US,Louisiana,small collection,56,33.9,37,37,37,Bombacacidites,spp.,NA,Allen,NA,NA
359929,occurrence,33839,Bombacacidites spp.,genus,276601,Bombacacidites,genus,276601,Eocene,56,33.9,4067;4067,-92.000000,30.000000,Bombacacidites,276601,Bombacaceae,55599,Malvales,54911,Magnoliopsida,55217,Spermatophyta,55350,US,Louisiana,small collection,56,33.9,37,37,37,Bombacacidites,spp.,NA,Allen,NA,NA
362708,occurrence,34364,Bombacacidites sp.,genus,276601,Bombacacidites,genus,276601,Middle Eocene,48.6,37.2,9028;9028,-77.000000,21.000000,Bombacacidites,276601,Bombacaceae,55599,Malvales,54911,Magnoliopsida,55217,Spermatophyta,55350,CU,Camaguey,outcrop,48.6,37.2,37,109,106,Bombacacidites,sp.,NA,NA,NA,NA
362756,occurrence,34365,Bombacacidites tillioides cf.,species,276601,Bombacacidites,genus,276601,Middle Eocene,48.6,37.2,9028;9028,-77.000000,21.000000,Bombacacidites,276601,Bombacaceae,55599,Malvales,54911,Magnoliopsida,55217,Spermatophyta,55350,CU,Camaguey,outcrop,48.6,37.2,37,109,106,Bombacacidites,tillioides,NA,NA,cf.,NA
362757,occurrence,34365,Bombacacidites sp.,genus,276601,Bombacacidites,genus,276601,Middle Eocene,48.6,37.2,9028;9028,-77.000000,21.000000,Bombacacidites,276601,Bombacaceae,55599,Malvales,54911,Magnoliopsida,55217,Spermatophyta,55350,CU,Camaguey,outcrop,48.6,37.2,37,109,106,Bombacacidites,sp.,NA,NA,NA,NA
369487,occurrence,34922,Grewiopsis saportana,species,56057,Grewiopsis,genus,56057,Late Cretaceous,100.5,66,9378;9378,-104.648888,43.094166,Grewiopsis,56057,Malvaceae,53879,Malvales,54911,Magnoliopsida,55217,Spermatophyta,55350,US,Wyoming,NA,100.5,66,39,39,39,Grewiopsis,saportana,NA,Niobrara,NA,NA
369503,occurrence,34967,Grewiopsis saportana,species,56057,Grewiopsis,genus,56057,Late Cretaceous,100.5,66,9378;9378,-104.609169,43.094166,Grewiopsis,56057,Malvaceae,53879,Malvales,54911,Magnoliopsida,55217,Spermatophyta,55350,US,Wyoming,NA,100.5,66,39,39,39,Grewiopsis,saportana,NA,Niobrara,NA,NA
369523,occurrence,34969,Grewiopsis saportana,species,56057,Grewiopsis,genus,56057,Late Cretaceous,100.5,66,9378;9378,-104.611115,43.154720,Grewiopsis,56057,Malvaceae,53879,Malvales,54911,Magnoliopsida,55217,Spermatophyta,55350,US,Wyoming,NA,100.5,66,39,39,39,Grewiopsis,saportana,NA,Niobrara,NA,NA
369581,occurrence,34974,Grewiopsis saportana,species,56057,Grewiopsis,genus,56057,Late Cretaceous,100.5,66,9378;9378,-104.510002,43.094166,Grewiopsis,56057,Malvaceae,53879,Malvales,54911,Magnoliopsida,55217,Spermatophyta,55350,US,Wyoming,outcrop,100.5,66,39,39,39,Grewiopsis,saportana,NA,Niobrara,NA,NA
462739,occurrence,16542,Bombacacidites paulus,species,276601,Bombacacidites,genus,276601,Late Uintan,46.2,40.4,12028;12028,-99.433334,27.533333,Bombacacidites,276601,Bombacaceae,55599,Malvales,54911,Magnoliopsida,55217,Spermatophyta,55350,US,Texas,outcrop,46.2,40.4,37,108,107,Bombacacidites,paulus,NA,Webb,NA,NA
482135,occurrence,48183,Grewiopsis saportana,species,56057,Grewiopsis,genus,56057,Lancian,70.6,66,7941;7941,-103.764999,46.025276,Grewiopsis,56057,Malvaceae,53879,Malvales,54911,Magnoliopsida,55217,Spermatophyta,55350,US,North Dakota,small collection,70.6,66,112,112,112,Grewiopsis,saportana,NA,Bowman,NA,NA
482136,occurrence,48184,Grewiopsis saportana,species,56057,Grewiopsis,genus,56057,Lancian,70.6,66,7941;7941,-104.005829,46.460556,Grewiopsis,56057,Malvaceae,53879,Malvales,54911,Magnoliopsida,55217,Spermatophyta,55350,US,North Dakota,small collection,70.6,66,112,112,112,Grewiopsis,saportana,NA,Slope,NA,NA
482137,occurrence,48185,Grewiopsis saportana,species,56057,Grewiopsis,genus,56057,Lancian,70.6,66,7941;7941,-103.951385,46.389721,Grewiopsis,56057,Malvaceae,53879,Malvales,54911,Magnoliopsida,55217,Spermatophyta,55350,US,North Dakota,small collection,70.6,66,112,112,112,Grewiopsis,saportana,NA,Slope,NA,NA
482138,occurrence,48186,Grewiopsis saportana,species,56057,Grewiopsis,genus,56057,Lancian,70.6,66,7941;7941,-103.761948,46.019444,Grewiopsis,56057,Malvaceae,53879,Malvales,54911,Magnoliopsida,55217,Spermatophyta,55350,US,North Dakota,small collection,70.6,66,112,112,112,Grewiopsis,saportana,NA,Bowman,NA,NA
482139,occurrence,48191,Grewiopsis saportana,species,56057,Grewiopsis,genus,56057,Lancian,70.6,66,7941;7941,-103.764442,46.018612,Grewiopsis,56057,Malvaceae,53879,Malvales,54911,Magnoliopsida,55217,Spermatophyta,55350,US,North Dakota,small collection,70.6,66,112,112,112,Grewiopsis,saportana,NA,Bowman,NA,NA
482140,occurrence,48193,Grewiopsis saportana,species,56057,Grewiopsis,genus,56057,Lancian,70.6,66,7941;7941,-103.624443,45.651390,Grewiopsis,56057,Malvaceae,53879,Malvales,54911,Magnoliopsida,55217,Spermatophyta,55350,US,South Dakota,small collection,70.6,66,112,112,112,Grewiopsis,saportana,NA,Harding,NA,NA
482141,occurrence,48195,Grewiopsis saportana,species,56057,Grewiopsis,genus,56057,Lancian,70.6,66,7941;7941,-103.976387,46.294998,Grewiopsis,56057,Malvaceae,53879,Malvales,54911,Magnoliopsida,55217,Spermatophyta,55350,US,North Dakota,small collection,70.6,66,112,112,112,Grewiopsis,saportana,NA,Slope,NA,NA
482142,occurrence,48197,Grewiopsis saportana,species,56057,Grewiopsis,genus,56057,Lancian,70.6,66,7941;7941,-104.005554,46.459721,Grewiopsis,56057,Malvaceae,53879,Malvales,54911,Magnoliopsida,55217,Spermatophyta,55350,US,North Dakota,small collection,70.6,66,112,112,112,Grewiopsis,saportana,NA,Slope,NA,NA
482143,occurrence,48219,Grewiopsis saportana,species,56057,Grewiopsis,genus,56057,Lancian,70.6,66,7941;7941,-103.884720,46.295834,Grewiopsis,56057,Malvaceae,53879,Malvales,54911,Magnoliopsida,55217,Spermatophyta,55350,US,North Dakota,small collection,70.6,66,112,112,112,Grewiopsis,saportana,NA,Slope,NA,NA
482144,occurrence,48220,Grewiopsis saportana,species,56057,Grewiopsis,genus,56057,Lancian,70.6,66,7941;7941,-103.816109,46.149723,Grewiopsis,56057,Malvaceae,53879,Malvales,54911,Magnoliopsida,55217,Spermatophyta,55350,US,North Dakota,small collection,70.6,66,112,112,112,Grewiopsis,saportana,NA,Bowman,NA,NA
482145,occurrence,48231,Grewiopsis saportana,species,56057,Grewiopsis,genus,56057,Lancian,70.6,66,7941;7941,-103.950554,46.398056,Grewiopsis,56057,Malvaceae,53879,Malvales,54911,Magnoliopsida,55217,Spermatophyta,55350,US,North Dakota,small collection,70.6,66,112,112,112,Grewiopsis,saportana,NA,Slope,NA,NA
482146,occurrence,48233,Grewiopsis saportana,species,56057,Grewiopsis,genus,56057,Lancian,70.6,66,7941;7941,-103.887779,46.296112,Grewiopsis,56057,Malvaceae,53879,Malvales,54911,Magnoliopsida,55217,Spermatophyta,55350,US,North Dakota,small collection,70.6,66,112,112,112,Grewiopsis,saportana,NA,Slope,NA,NA
482147,occurrence,48247,Grewiopsis saportana,species,56057,Grewiopsis,genus,56057,Lancian,70.6,66,7941;7941,-103.270279,45.291389,Grewiopsis,56057,Malvaceae,53879,Malvales,54911,Magnoliopsida,55217,Spermatophyta,55350,US,South Dakota,small collection,70.6,66,112,112,112,Grewiopsis,saportana,NA,Harding,NA,NA
482148,occurrence,48272,Grewiopsis saportana,species,56057,Grewiopsis,genus,56057,Lancian,70.6,66,7941;7941,-103.951385,46.389721,Grewiopsis,56057,Malvaceae,53879,Malvales,54911,Magnoliopsida,55217,Spermatophyta,55350,US,North Dakota,small collection,70.6,66,112,112,112,Grewiopsis,saportana,NA,Slope,NA,NA
482149,occurrence,48273,Grewiopsis saportana,species,56057,Grewiopsis,genus,56057,Lancian,70.6,66,7941;7941,-103.764442,46.018612,Grewiopsis,56057,Malvaceae,53879,Malvales,54911,Magnoliopsida,55217,Spermatophyta,55350,US,North Dakota,small collection,70.6,66,112,112,112,Grewiopsis,saportana,NA,Bowman,NA,NA
482150,occurrence,48275,Grewiopsis saportana,species,56057,Grewiopsis,genus,56057,Lancian,70.6,66,7941;7941,-103.976387,46.294998,Grewiopsis,56057,Malvaceae,53879,Malvales,54911,Magnoliopsida,55217,Spermatophyta,55350,US,North Dakota,small collection,70.6,66,112,112,112,Grewiopsis,saportana,NA,Slope,NA,NA
482151,occurrence,48286,Grewiopsis saportana,species,56057,Grewiopsis,genus,56057,Lancian,70.6,66,7941;7941,-103.950554,46.398056,Grewiopsis,56057,Malvaceae,53879,Malvales,54911,Magnoliopsida,55217,Spermatophyta,55350,US,North Dakota,small collection,70.6,66,112,112,112,Grewiopsis,saportana,NA,Slope,NA,NA
605554,occurrence,64545,Malvacarpus octolocolus,species,53877,Malvacarpus,genus,53877,Early Oligocene,33.9,28.4,14915;14915,-80.160004,-5.027200,Malvacarpus,53877,Malvaceae,53879,Malvales,54911,Magnoliopsida,55217,Spermatophyta,55350,PE,Piura,local area,33.9,28.4,105,105,105,Malvacarpus,octolocolus,NA,NA,NA,NA
639491,occurrence,68835,Bombacaceae indet.,family,55599,Bombacaceae,family,55599,Aptian,125,113,19874;19874,-93.460281,16.683611,NA,NA,Bombacaceae,55599,Malvales,54911,Magnoliopsida,55217,Spermatophyta,55350,MX,Chiapas,outcrop,125,113,119,119,119,Bombacaceae,indet.,NA,NA,NA,NA
872933,occurrence,96781,Grewiopsis saportana,species,56057,Grewiopsis,genus,56057,Maastrichtian,72.1,66,33013;33013,-100.466667,46.533333,Grewiopsis,56057,Malvaceae,53879,Malvales,54911,Magnoliopsida,55217,Spermatophyta,55350,US,North Dakota,NA,72.1,66,112,112,112,Grewiopsis,saportana,NA,Emmons,NA,NA
975882,occurrence,116346,Wheeleroxylon n. gen. atascosense n. sp.,species,198841,Wheeleroxylon atascosense,species,198841,Late Campanian,83.5,66,37496;37496,-101.500000,27.916668,Wheeleroxylon,198840,Malvaceae,53879,Malvales,54911,Magnoliopsida,55217,Spermatophyta,55350,MX,NA,NA,83.5,66,39,113,112,Wheeleroxylon,atascosense,Early Maastrichtian,NA,n. sp.,n. gen.
1074625,occurrence,133598,Malvaciphyllum macondicus,species,247566,Malvaciphyllum macondicus,species,247566,Middle Paleocene,61.7,58.7,43029;43029,-72.949997,11.233333,Malvaciphyllum,247565,Malvaceae,53879,Malvales,54911,Magnoliopsida,55217,Spermatophyta,55350,CO,Guajira,NA,61.7,58.7,38,111,110,Malvaciphyllum,macondicus,NA,NA,NA,NA
1075321,occurrence,133752,Malvaceae SA 058 informal,family,53879,Malvaceae,family,53879,Danian,66,59.2,43141;43141,-69.213547,-45.913410,NA,NA,Malvaceae,53879,Malvales,54911,Magnoliopsida,55217,Spermatophyta,55350,AR,Chubut,outcrop,66,59.2,38,111,743,Malvaceae,SA 058,Selandian,NA,informal,NA
1075350,occurrence,133753,Malvaceae SA 058 informal,family,53879,Malvaceae,family,53879,Danian,66,59.2,43141;43141,-69.213547,-45.913410,NA,NA,Malvaceae,53879,Malvales,54911,Magnoliopsida,55217,Spermatophyta,55350,AR,Chubut,outcrop,66,59.2,38,111,743,Malvaceae,SA 058,Selandian,NA,informal,NA
1077863,occurrence,134513,Malvaceae CJ17 informal,family,53879,Malvaceae,family,53879,Middle Paleocene,61.7,55.8,43182;43182,-72.570000,11.135000,NA,NA,Malvaceae,53879,Malvales,54911,Magnoliopsida,55217,Spermatophyta,55350,CO,NA,outcrop,61.7,55.8,26,38,109,Malvaceae,CJ17,Late Paleocene,NA,informal,NA
1077872,occurrence,134513,Malvaceae CJ25 informal,family,53879,Malvaceae,family,53879,Middle Paleocene,61.7,55.8,43182;43182,-72.570000,11.135000,NA,NA,Malvaceae,53879,Malvales,54911,Magnoliopsida,55217,Spermatophyta,55350,CO,NA,outcrop,61.7,55.8,26,38,109,Malvaceae,CJ25,Late Paleocene,NA,informal,NA
1077875,occurrence,134513,Malvaceae CJ36 informal,family,53879,Malvaceae,family,53879,Middle Paleocene,61.7,55.8,43182;43182,-72.570000,11.135000,NA,NA,Malvaceae,53879,Malvales,54911,Magnoliopsida,55217,Spermatophyta,55350,CO,NA,outcrop,61.7,55.8,26,38,109,Malvaceae,CJ36,Late Paleocene,NA,informal,NA
1077887,occurrence,134515,Malvaceae CJ17 informal,family,53879,Malvaceae,family,53879,Middle Paleocene,61.7,55.8,43182;43182,-72.555000,11.128000,NA,NA,Malvaceae,53879,Malvales,54911,Magnoliopsida,55217,Spermatophyta,55350,CO,NA,outcrop,61.7,55.8,26,38,109,Malvaceae,CJ17,Late Paleocene,NA,informal,NA
1077894,occurrence,134515,Malvaceae CJ25 informal,family,53879,Malvaceae,family,53879,Middle Paleocene,61.7,55.8,43182;43182,-72.555000,11.128000,NA,NA,Malvaceae,53879,Malvales,54911,Magnoliopsida,55217,Spermatophyta,55350,CO,NA,outcrop,61.7,55.8,26,38,109,Malvaceae,CJ25,Late Paleocene,NA,informal,NA
1077897,occurrence,134515,Malvaceae CJ36 informal,family,53879,Malvaceae,family,53879,Middle Paleocene,61.7,55.8,43182;43182,-72.555000,11.128000,NA,NA,Malvaceae,53879,Malvales,54911,Magnoliopsida,55217,Spermatophyta,55350,CO,NA,outcrop,61.7,55.8,26,38,109,Malvaceae,CJ36,Late Paleocene,NA,informal,NA
1077914,occurrence,134746,Malvaceae CJ25 informal,family,53879,Malvaceae,family,53879,Middle Paleocene,61.7,55.8,43182;43182,-72.555000,11.128000,NA,NA,Malvaceae,53879,Malvales,54911,Magnoliopsida,55217,Spermatophyta,55350,CO,NA,outcrop,61.7,55.8,26,38,109,Malvaceae,CJ25,Late Paleocene,NA,informal,NA
1077917,occurrence,134746,Malvaceae CJ36 informal,family,53879,Malvaceae,family,53879,Middle Paleocene,61.7,55.8,43182;43182,-72.555000,11.128000,NA,NA,Malvaceae,53879,Malvales,54911,Magnoliopsida,55217,Spermatophyta,55350,CO,NA,outcrop,61.7,55.8,26,38,109,Malvaceae,CJ36,Late Paleocene,NA,informal,NA
1077943,occurrence,134748,Malvaceae CJ25 informal,family,53879,Malvaceae,family,53879,Middle Paleocene,61.7,55.8,43182;43182,-72.555000,11.128000,NA,NA,Malvaceae,53879,Malvales,54911,Magnoliopsida,55217,Spermatophyta,55350,CO,NA,outcrop,61.7,55.8,26,38,109,Malvaceae,CJ25,Late Paleocene,NA,informal,NA
1077952,occurrence,134749,Malvaceae CJ25 informal,family,53879,Malvaceae,family,53879,Middle Paleocene,61.7,55.8,43182;43182,-72.555000,11.128000,NA,NA,Malvaceae,53879,Malvales,54911,Magnoliopsida,55217,Spermatophyta,55350,CO,NA,outcrop,61.7,55.8,26,38,109,Malvaceae,CJ25,Late Paleocene,NA,informal,NA
1077990,occurrence,134754,Malvaceae CJ25 informal,family,53879,Malvaceae,family,53879,Middle Paleocene,61.7,55.8,43182;43182,-72.584000,11.131000,NA,NA,Malvaceae,53879,Malvales,54911,Magnoliopsida,55217,Spermatophyta,55350,CO,NA,outcrop,61.7,55.8,26,38,109,Malvaceae,CJ25,Late Paleocene,NA,informal,NA
1078023,occurrence,134758,Malvaceae CJ25 informal,family,53879,Malvaceae,family,53879,Middle Paleocene,61.7,55.8,43182;43182,-72.584000,11.130000,NA,NA,Malvaceae,53879,Malvales,54911,Magnoliopsida,55217,Spermatophyta,55350,CO,NA,outcrop,61.7,55.8,26,38,109,Malvaceae,CJ25,Late Paleocene,NA,informal,NA
1090524,occurrence,136951,Malvaceae sp.,family,53879,Malvaceae,family,53879,Holocene,0.0117,NA,43796;43796,-58.988609,-34.593056,NA,NA,Malvaceae,53879,Malvales,54911,Magnoliopsida,55217,Spermatophyta,55350,AR,Buenos Aires,local area,0.0117,NA,3002,32,32,Malvaceae,sp.,NA,NA,NA,NA
1092067,occurrence,137300,Malvaciphyllum sp.,genus,247565,Malvaciphyllum,genus,247565,Pliocene,5.333,2.588,43903;43903,-42.915833,-5.394444,Malvaciphyllum,247565,Malvaceae,53879,Malvales,54911,Magnoliopsida,55217,Spermatophyta,55350,BR,Maranho ,outcrop,5.333,2.588,34,34,34,Malvaciphyllum,sp.,NA,NA,NA,NA
1092068,occurrence,137296,Malvaciphyllum quenquiadensis,species,252702,Malvaciphyllum quenquiadensis,species,252702,Middle Miocene,15.97,11.608,43903;43903,-65.826111,-26.676945,Malvaciphyllum,247565,Malvaceae,53879,Malvales,54911,Magnoliopsida,55217,Spermatophyta,55350,AR,Tucumn,outcrop,15.97,11.608,35,101,99,Malvaciphyllum,quenquiadensis,NA,NA,NA,NA
1100614,occurrence,138962,Malvaciphyllum quenquiadensis,species,252702,Malvaciphyllum quenquiadensis,species,252702,Middle Miocene,15.97,11.608,44594;44594,-66.016388,-26.715000,Malvaciphyllum,247565,Malvaceae,53879,Malvales,54911,Magnoliopsida,55217,Spermatophyta,55350,AR,Catamarca,outcrop,15.97,11.608,35,101,99,Malvaciphyllum,quenquiadensis,NA,Departamento Santa Mara,NA,NA
1168859,occurrence,150344,Bombacacidites annae,species,280344,Bombacacidites annae,species,280344,Late Paleocene,58.7,55.8,48096;48096,-72.380280,10.883056,Bombacacidites,276601,Bombacaceae,55599,Malvales,54911,Magnoliopsida,55217,Spermatophyta,55350,VE,Zulia,outcrop,58.7,55.8,26,110,109,Bombacacidites,annae,NA,NA,NA,NA
1171623,occurrence,150882,Bombacacidites sp. informal,genus,276601,Bombacacidites,genus,276601,Maastrichtian,72.1,66,48008;48008,-69.977219,-42.584999,Bombacacidites,276601,Bombacaceae,55599,Malvales,54911,Magnoliopsida,55217,Spermatophyta,55350,AR,Chubut,outcrop,72.1,66,112,112,112,Bombacacidites,sp.,NA,NA,informal,NA
1175118,occurrence,151452,Bombacacidites sp. 1 informal,genus,276601,Bombacacidites,genus,276601,Maastrichtian,72.1,66,47987;47987,-69.833336,-42.666668,Bombacacidites,276601,Bombacaceae,55599,Malvales,54911,Magnoliopsida,55217,Spermatophyta,55350,AR,Chubut,NA,72.1,66,112,112,112,Bombacacidites,sp. 1,NA,NA,informal,NA
1175226,occurrence,151454,Bombacacidites sp. 1 informal,genus,276601,Bombacacidites,genus,276601,Danian,66,61.6,47987;47987,-69.833336,-42.666668,Bombacacidites,276601,Bombacaceae,55599,Malvales,54911,Magnoliopsida,55217,Spermatophyta,55350,AR,Chubut,NA,66,61.6,111,111,111,Bombacacidites,sp. 1,NA,NA,informal,NA
1175277,occurrence,151455,Bombacacidites isoreticulatus cf.,species,276605,Bombacacidites isoreticulatus,species,276605,Danian,66,61.6,47987;47987,-69.833336,-42.666668,Bombacacidites,276601,Bombacaceae,55599,Malvales,54911,Magnoliopsida,55217,Spermatophyta,55350,AR,Chubut,NA,66,61.6,111,111,111,Bombacacidites,isoreticulatus,NA,NA,cf.,NA
1175404,occurrence,151457,Bombacacidites isoreticulatus cf.,species,276605,Bombacacidites isoreticulatus,species,276605,Danian,66,61.6,47987;47987,-69.833336,-42.666668,Bombacacidites,276601,Bombacaceae,55599,Malvales,54911,Magnoliopsida,55217,Spermatophyta,55350,AR,Chubut,NA,66,61.6,111,111,111,Bombacacidites,isoreticulatus,NA,NA,cf.,NA
1175474,occurrence,151458,Bombacacidites sp. 1 informal,genus,276601,Bombacacidites,genus,276601,Danian,66,61.6,47987;47987,-69.833336,-42.666668,Bombacacidites,276601,Bombacaceae,55599,Malvales,54911,Magnoliopsida,55217,Spermatophyta,55350,AR,Chubut,NA,66,61.6,111,111,111,Bombacacidites,sp. 1,NA,NA,informal,NA
1175621,occurrence,151460,Bombacacidites isoreticulatus cf.,species,276605,Bombacacidites isoreticulatus,species,276605,Danian,66,61.6,47987;47987,-69.833336,-42.666668,Bombacacidites,276601,Bombacaceae,55599,Malvales,54911,Magnoliopsida,55217,Spermatophyta,55350,AR,Chubut,NA,66,61.6,111,111,111,Bombacacidites,isoreticulatus,NA,NA,cf.,NA
1177310,occurrence,151717,Bombacacidites annae,species,280344,Bombacacidites annae,species,280344,Paleocene,66,56,43358;43358,-72.380280,10.997778,Bombacacidites,276601,Bombacaceae,55599,Malvales,54911,Magnoliopsida,55217,Spermatophyta,55350,VE,Zulia,outcrop,66,56,38,38,38,Bombacacidites,annae,NA,NA,NA,NA
1177404,occurrence,151835,Bombacacidites annae,species,280344,Bombacacidites annae,species,280344,Paleocene,66,56,43358;43358,-72.380280,10.997778,Bombacacidites,276601,Bombacaceae,55599,Malvales,54911,Magnoliopsida,55217,Spermatophyta,55350,VE,Zulia,outcrop,66,56,38,38,38,Bombacacidites,annae,NA,NA,NA,NA
1177467,occurrence,150340,Bombacacidites annae,species,280344,Bombacacidites annae,species,280344,Late Paleocene,58.7,55.8,43358;43358,-72.380280,10.997778,Bombacacidites,276601,Bombacaceae,55599,Malvales,54911,Magnoliopsida,55217,Spermatophyta,55350,VE,Zulia,local area,58.7,55.8,26,110,109,Bombacacidites,annae,NA,NA,NA,NA
1177475,occurrence,150341,Bombacacidites annae,species,280344,Bombacacidites annae,species,280344,Late Paleocene,58.7,55.8,43358;43358,-72.380280,10.997778,Bombacacidites,276601,Bombacaceae,55599,Malvales,54911,Magnoliopsida,55217,Spermatophyta,55350,VE,Zulia,outcrop,58.7,55.8,26,110,109,Bombacacidites,annae,NA,NA,NA,NA
1177517,occurrence,151727,Bombacacidites annae,species,280344,Bombacacidites annae,species,280344,Late Paleocene,58.7,55.8,43358;43358,-72.380280,10.883056,Bombacacidites,276601,Bombacaceae,55599,Malvales,54911,Magnoliopsida,55217,Spermatophyta,55350,VE,Zulia,outcrop,58.7,55.8,26,110,109,Bombacacidites,annae,NA,NA,NA,NA
1177541,occurrence,151729,Bombacacidites annae,species,280344,Bombacacidites annae,species,280344,Late Paleocene,58.7,55.8,43358;43358,-72.380280,10.883056,Bombacacidites,276601,Bombacaceae,55599,Malvales,54911,Magnoliopsida,55217,Spermatophyta,55350,VE,Zulia,outcrop,58.7,55.8,26,110,109,Bombacacidites,annae,NA,NA,NA,NA
1177574,occurrence,151731,Bombacacidites annae,species,280344,Bombacacidites annae,species,280344,Late Paleocene,58.7,55.8,43358;43358,-72.380280,10.883056,Bombacacidites,276601,Bombacaceae,55599,Malvales,54911,Magnoliopsida,55217,Spermatophyta,55350,VE,Zulia,outcrop,58.7,55.8,26,110,109,Bombacacidites,annae,NA,NA,NA,NA
1177610,occurrence,151734,Bombacacidites annae,species,280344,Bombacacidites annae,species,280344,Late Paleocene,58.7,55.8,43358;43358,-72.380280,10.883056,Bombacacidites,276601,Bombacaceae,55599,Malvales,54911,Magnoliopsida,55217,Spermatophyta,55350,VE,Zulia,outcrop,58.7,55.8,26,110,109,Bombacacidites,annae,NA,NA,NA,NA
1177636,occurrence,151736,Bombacacidites annae,species,280344,Bombacacidites annae,species,280344,Late Paleocene,58.7,55.8,43358;43358,-72.380280,10.883056,Bombacacidites,276601,Bombacaceae,55599,Malvales,54911,Magnoliopsida,55217,Spermatophyta,55350,VE,Zulia,outcrop,58.7,55.8,26,110,109,Bombacacidites,annae,NA,NA,NA,NA
1177661,occurrence,151739,Bombacacidites annae,species,280344,Bombacacidites annae,species,280344,Late Paleocene,58.7,55.8,43358;43358,-72.380280,10.883056,Bombacacidites,276601,Bombacaceae,55599,Malvales,54911,Magnoliopsida,55217,Spermatophyta,55350,VE,Zulia,outcrop,58.7,55.8,26,110,109,Bombacacidites,annae,NA,NA,NA,NA
1177696,occurrence,151742,Bombacacidites annae,species,280344,Bombacacidites annae,species,280344,Late Paleocene,58.7,55.8,43358;43358,-72.380280,10.883056,Bombacacidites,276601,Bombacaceae,55599,Malvales,54911,Magnoliopsida,55217,Spermatophyta,55350,VE,Zulia,outcrop,58.7,55.8,26,110,109,Bombacacidites,annae,NA,NA,NA,NA
1177724,occurrence,151745,Bombacacidites annae,species,280344,Bombacacidites annae,species,280344,Late Paleocene,58.7,55.8,43358;43358,-72.380280,10.883056,Bombacacidites,276601,Bombacaceae,55599,Malvales,54911,Magnoliopsida,55217,Spermatophyta,55350,VE,Zulia,outcrop,58.7,55.8,26,110,109,Bombacacidites,annae,NA,NA,NA,NA
1177740,occurrence,151746,Bombacacidites annae,species,280344,Bombacacidites annae,species,280344,Late Paleocene,58.7,55.8,43358;43358,-72.380280,10.883056,Bombacacidites,276601,Bombacaceae,55599,Malvales,54911,Magnoliopsida,55217,Spermatophyta,55350,VE,Zulia,outcrop,58.7,55.8,26,110,109,Bombacacidites,annae,NA,NA,NA,NA
1177754,occurrence,151747,Bombacacidites annae,species,280344,Bombacacidites annae,species,280344,Late Paleocene,58.7,55.8,43358;43358,-72.380280,10.883056,Bombacacidites,276601,Bombacaceae,55599,Malvales,54911,Magnoliopsida,55217,Spermatophyta,55350,VE,Zulia,outcrop,58.7,55.8,26,110,109,Bombacacidites,annae,NA,NA,NA,NA
1177796,occurrence,151750,Bombacacidites annae,species,280344,Bombacacidites annae,species,280344,Late Paleocene,58.7,55.8,43358;43358,-72.380280,10.883056,Bombacacidites,276601,Bombacaceae,55599,Malvales,54911,Magnoliopsida,55217,Spermatophyta,55350,VE,Zulia,outcrop,58.7,55.8,26,110,109,Bombacacidites,annae,NA,NA,NA,NA
1177815,occurrence,151751,Bombacacidites annae,species,280344,Bombacacidites annae,species,280344,Late Paleocene,58.7,55.8,43358;43358,-72.380280,10.883056,Bombacacidites,276601,Bombacaceae,55599,Malvales,54911,Magnoliopsida,55217,Spermatophyta,55350,VE,Zulia,outcrop,58.7,55.8,26,110,109,Bombacacidites,annae,NA,NA,NA,NA
1177835,occurrence,151753,Bombacacidites annae,species,280344,Bombacacidites annae,species,280344,Late Paleocene,58.7,55.8,43358;43358,-72.380280,10.883056,Bombacacidites,276601,Bombacaceae,55599,Malvales,54911,Magnoliopsida,55217,Spermatophyta,55350,VE,Zulia,outcrop,58.7,55.8,26,110,109,Bombacacidites,annae,NA,NA,NA,NA
1177880,occurrence,151758,Bombacacidites annae,species,280344,Bombacacidites annae,species,280344,Late Paleocene,58.7,55.8,43358;43358,-72.380280,10.883056,Bombacacidites,276601,Bombacaceae,55599,Malvales,54911,Magnoliopsida,55217,Spermatophyta,55350,VE,Zulia,outcrop,58.7,55.8,26,110,109,Bombacacidites,annae,NA,NA,NA,NA
1177893,occurrence,151759,Bombacacidites annae,species,280344,Bombacacidites annae,species,280344,Late Paleocene,58.7,55.8,43358;43358,-72.380280,10.883056,Bombacacidites,276601,Bombacaceae,55599,Malvales,54911,Magnoliopsida,55217,Spermatophyta,55350,VE,Zulia,outcrop,58.7,55.8,26,110,109,Bombacacidites,annae,NA,NA,NA,NA
1177913,occurrence,151761,Bombacacidites annae,species,280344,Bombacacidites annae,species,280344,Late Paleocene,58.7,55.8,43358;43358,-72.380280,10.883056,Bombacacidites,276601,Bombacaceae,55599,Malvales,54911,Magnoliopsida,55217,Spermatophyta,55350,VE,Zulia,outcrop,58.7,55.8,26,110,109,Bombacacidites,annae,NA,NA,NA,NA
1177946,occurrence,151764,Bombacacidites annae,species,280344,Bombacacidites annae,species,280344,Late Paleocene,58.7,55.8,43358;43358,-72.380280,10.883056,Bombacacidites,276601,Bombacaceae,55599,Malvales,54911,Magnoliopsida,55217,Spermatophyta,55350,VE,Zulia,outcrop,58.7,55.8,26,110,109,Bombacacidites,annae,NA,NA,NA,NA
1177976,occurrence,151767,Bombacacidites sp.,genus,276601,Bombacacidites,genus,276601,Early Eocene,55.8,48.6,43358;43358,-72.380280,10.883056,Bombacacidites,276601,Bombacaceae,55599,Malvales,54911,Magnoliopsida,55217,Spermatophyta,55350,VE,Zulia,outcrop,55.8,48.6,109,109,109,Bombacacidites,sp.,NA,NA,NA,NA
1177984,occurrence,151768,Bombacacidites sp.,genus,276601,Bombacacidites,genus,276601,Early Eocene,55.8,48.6,43358;43358,-72.380280,10.883056,Bombacacidites,276601,Bombacaceae,55599,Malvales,54911,Magnoliopsida,55217,Spermatophyta,55350,VE,Zulia,outcrop,55.8,48.6,109,109,109,Bombacacidites,sp.,NA,NA,NA,NA
1178083,occurrence,151777,Bombacacidites sp.,genus,276601,Bombacacidites,genus,276601,Early Eocene,55.8,48.6,43358;43358,-72.380280,10.883056,Bombacacidites,276601,Bombacaceae,55599,Malvales,54911,Magnoliopsida,55217,Spermatophyta,55350,VE,Zulia,outcrop,55.8,48.6,109,109,109,Bombacacidites,sp.,NA,NA,NA,NA
1178101,occurrence,151779,Bombacacidites sp.,genus,276601,Bombacacidites,genus,276601,Early Eocene,55.8,48.6,43358;43358,-72.380280,10.883056,Bombacacidites,276601,Bombacaceae,55599,Malvales,54911,Magnoliopsida,55217,Spermatophyta,55350,VE,Zulia,outcrop,55.8,48.6,109,109,109,Bombacacidites,sp.,NA,NA,NA,NA
1178111,occurrence,151778,Bombacacidites sp.,genus,276601,Bombacacidites,genus,276601,Early Eocene,55.8,48.6,43358;43358,-72.380280,10.883056,Bombacacidites,276601,Bombacaceae,55599,Malvales,54911,Magnoliopsida,55217,Spermatophyta,55350,VE,Zulia,outcrop,55.8,48.6,109,109,109,Bombacacidites,sp.,NA,NA,NA,NA
1178132,occurrence,151781,Bombacacidites sp.,genus,276601,Bombacacidites,genus,276601,Early Eocene,55.8,48.6,43358;43358,-72.380280,10.883056,Bombacacidites,276601,Bombacaceae,55599,Malvales,54911,Magnoliopsida,55217,Spermatophyta,55350,VE,Zulia,outcrop,55.8,48.6,109,109,109,Bombacacidites,sp.,NA,NA,NA,NA
1178298,occurrence,151794,Bombacacidites sp.,genus,276601,Bombacacidites,genus,276601,Early Eocene,55.8,48.6,43358;43358,-72.380280,10.883056,Bombacacidites,276601,Bombacaceae,55599,Malvales,54911,Magnoliopsida,55217,Spermatophyta,55350,VE,Zulia,outcrop,55.8,48.6,109,109,109,Bombacacidites,sp.,NA,NA,NA,NA
1178388,occurrence,151803,Bombacacidites sp.,genus,276601,Bombacacidites,genus,276601,Early Eocene,55.8,48.6,43358;43358,-72.380280,10.883056,Bombacacidites,276601,Bombacaceae,55599,Malvales,54911,Magnoliopsida,55217,Spermatophyta,55350,VE,Zulia,outcrop,55.8,48.6,109,109,109,Bombacacidites,sp.,NA,NA,NA,NA
1178504,occurrence,151813,Bombacacidites sp.,genus,276601,Bombacacidites,genus,276601,Early Eocene,55.8,48.6,43358;43358,-72.380280,10.883056,Bombacacidites,276601,Bombacaceae,55599,Malvales,54911,Magnoliopsida,55217,Spermatophyta,55350,VE,Zulia,outcrop,55.8,48.6,109,109,109,Bombacacidites,sp.,NA,NA,NA,NA
1178534,occurrence,151816,Bombacacidites sp.,genus,276601,Bombacacidites,genus,276601,Early Eocene,55.8,48.6,43358;43358,-72.380280,10.883056,Bombacacidites,276601,Bombacaceae,55599,Malvales,54911,Magnoliopsida,55217,Spermatophyta,55350,VE,Zulia,outcrop,55.8,48.6,109,109,109,Bombacacidites,sp.,NA,NA,NA,NA
1178598,occurrence,151821,Bombacacidites sp.,genus,276601,Bombacacidites,genus,276601,Early Eocene,55.8,48.6,43358;43358,-72.380280,10.883056,Bombacacidites,276601,Bombacaceae,55599,Malvales,54911,Magnoliopsida,55217,Spermatophyta,55350,VE,Zulia,outcrop,55.8,48.6,109,109,109,Bombacacidites,sp.,NA,NA,NA,NA
1187514,occurrence,139872,Malvacarpus octoloculus n. sp.,species,259564,Malvacarpus octoloculus,species,259564,Oligocene,33.9,5.333,45019;45019,-77.034721,-12.125833,Malvacarpus,53877,Malvaceae,53879,Malvales,54911,Magnoliopsida,55217,Spermatophyta,55350,PE,NA,local area,33.9,5.333,1,36,35,Malvacarpus,octoloculus,Miocene,Beln,n. sp.,NA
1260033,occurrence,167434,Bombacacidites bombaxoides,species,276601,Bombacacidites,genus,276601,Late Campanian,83.5,61.6,54632;54632,-56.750999,-64.301003,Bombacacidites,276601,Bombacaceae,55599,Malvales,54911,Magnoliopsida,55217,Spermatophyta,55350,AA,NA,small collection,83.5,61.6,751,113,111,Bombacacidites,bombaxoides,Danian,NA,NA,NA
1260047,occurrence,167438,Bombacacidites bombaxoides,species,276601,Bombacacidites,genus,276601,Late Campanian,83.5,61.6,54632;54632,-56.712002,-64.263000,Bombacacidites,276601,Bombacaceae,55599,Malvales,54911,Magnoliopsida,55217,Spermatophyta,55350,AA,NA,small collection,83.5,61.6,751,113,111,Bombacacidites,bombaxoides,Danian,NA,NA,NA
1268243,occurrence,168697,Bombacacidites bombaxoides,species,276601,Bombacacidites,genus,276601,Late Campanian,83.5,61.6,54734;54734,-56.865555,-64.320831,Bombacacidites,276601,Bombacaceae,55599,Malvales,54911,Magnoliopsida,55217,Spermatophyta,55350,AA,NA,local area,83.5,61.6,751,113,111,Bombacacidites,bombaxoides,Danian,NA,NA,NA
1268244,occurrence,168697,Bombacacidites sp.,genus,276601,Bombacacidites,genus,276601,Late Campanian,83.5,61.6,54734;54734,-56.865555,-64.320831,Bombacacidites,276601,Bombacaceae,55599,Malvales,54911,Magnoliopsida,55217,Spermatophyta,55350,AA,NA,local area,83.5,61.6,751,113,111,Bombacacidites,sp.,Danian,NA,NA,NA
1270002,occurrence,168889,Malvaceae indet.,family,53879,Malvaceae,family,53879,Pleistocene,2.588,0.0117,55190;55190,145.699997,-17.366667,NA,NA,Malvaceae,53879,Malvales,54911,Magnoliopsida,55217,Spermatophyta,55350,AU,Queensland,NA,2.588,0.0117,33,33,33,Malvaceae,indet.,NA,NA,NA,NA
1274144,occurrence,169272,Bombacacidites sp. A informal,genus,276601,Bombacacidites,genus,276601,Early Eocene,55.8,48.6,55271;55271,135.998886,-63.310001,Bombacacidites,276601,Bombacaceae,55599,Malvales,54911,Magnoliopsida,55217,Spermatophyta,55350,AA,NA,NA,55.8,48.6,109,109,109,Bombacacidites,sp. A,NA,NA,informal,NA
1274224,occurrence,169273,Bombacacidites sp. A informal,genus,276601,Bombacacidites,genus,276601,Early Eocene,55.8,48.6,55271;55271,135.998886,-63.310001,Bombacacidites,276601,Bombacaceae,55599,Malvales,54911,Magnoliopsida,55217,Spermatophyta,55350,AA,NA,NA,55.8,48.6,109,109,109,Bombacacidites,sp. A,NA,NA,informal,NA
1274225,occurrence,169273,Bombacacidites ? protocostatus informal,species,276601,Bombacacidites,genus,276601,Early Eocene,55.8,48.6,55271;55271,135.998886,-63.310001,Bombacacidites,276601,Bombacaceae,55599,Malvales,54911,Magnoliopsida,55217,Spermatophyta,55350,AA,NA,NA,55.8,48.6,109,109,109,Bombacacidites,protocostatus,NA,NA,informal,?
1274294,occurrence,169274,Bombacacidites sp. A informal,genus,276601,Bombacacidites,genus,276601,Early Eocene,55.8,48.6,55271;55271,135.998886,-63.310001,Bombacacidites,276601,Bombacaceae,55599,Malvales,54911,Magnoliopsida,55217,Spermatophyta,55350,AA,NA,NA,55.8,48.6,109,109,109,Bombacacidites,sp. A,NA,NA,informal,NA
1274363,occurrence,169275,Bombacacidites sp. A informal,genus,276601,Bombacacidites,genus,276601,Early Eocene,55.8,48.6,55271;55271,135.998886,-63.310001,Bombacacidites,276601,Bombacaceae,55599,Malvales,54911,Magnoliopsida,55217,Spermatophyta,55350,AA,NA,NA,55.8,48.6,109,109,109,Bombacacidites,sp. A,NA,NA,informal,NA
1294827,occurrence,172874,Malvaceae indet.,family,53879,Malvaceae,family,53879,Early Pleistocene,2.588,0.781,55377;55377,144.216660,-37.583332,NA,NA,Malvaceae,53879,Malvales,54911,Magnoliopsida,55217,Spermatophyta,55350,AU,Victoria,basin,2.588,0.781,33,741,740,Malvaceae,indet.,NA,NA,NA,NA
1295476,occurrence,172880,Malvaceae indet.,family,53879,Malvaceae,family,53879,Early Pleistocene,2.588,0.781,55377;55377,144.216660,-37.583332,NA,NA,Malvaceae,53879,Malvales,54911,Magnoliopsida,55217,Spermatophyta,55350,AU,Victoria,basin,2.588,0.781,33,741,740,Malvaceae,indet.,NA,NA,NA,NA
1295579,occurrence,172881,Malvaceae indet.,family,53879,Malvaceae,family,53879,Early Pleistocene,2.588,0.781,55377;55377,144.216660,-37.583332,NA,NA,Malvaceae,53879,Malvales,54911,Magnoliopsida,55217,Spermatophyta,55350,AU,Victoria,basin,2.588,0.781,33,741,740,Malvaceae,indet.,NA,NA,NA,NA
1295681,occurrence,172882,Malvaceae indet.,family,53879,Malvaceae,family,53879,Early Pleistocene,2.588,0.781,55377;55377,144.216660,-37.583332,NA,NA,Malvaceae,53879,Malvales,54911,Magnoliopsida,55217,Spermatophyta,55350,AU,Victoria,basin,2.588,0.781,33,741,740,Malvaceae,indet.,NA,NA,NA,NA
1295891,occurrence,172884,Malvaceae indet.,family,53879,Malvaceae,family,53879,Early Pleistocene,2.588,0.781,55377;55377,144.216660,-37.583332,NA,NA,Malvaceae,53879,Malvales,54911,Magnoliopsida,55217,Spermatophyta,55350,AU,Victoria,basin,2.588,0.781,33,741,740,Malvaceae,indet.,NA,NA,NA,NA
1311490,occurrence,144474,Bombacacidites baumfalki cf.,species,276601,Bombacacidites,genus,276601,Middle Eocene,48.6,37.2,46714;46714,-74.947502,-7.330556,Bombacacidites,276601,Bombacaceae,55599,Malvales,54911,Magnoliopsida,55217,Spermatophyta,55350,PE,Loreto,small collection,48.6,37.2,37,109,106,Bombacacidites,baumfalki,NA,Contamana,cf.,NA
1374089,occurrence,187583,Malvaceae indet.,family,53879,Malvaceae,family,53879,Tortonian,11.62,7.246,62967;62967,-79.593597,9.212400,NA,NA,Malvaceae,53879,Malvales,54911,Magnoliopsida,55217,Spermatophyta,55350,PA,NA,NA,11.62,7.246,99,99,99,Malvaceae,indet.,NA,NA,NA,NA
1386458,occurrence,112579,Bombacacidites baculatus,species,276601,Bombacacidites,genus,276601,Early Miocene,23.03,15.97,64042;64042,-46.770000,-1.051389,Bombacacidites,276601,Bombacaceae,55599,Malvales,54911,Magnoliopsida,55217,Spermatophyta,55350,BR,Para,NA,23.03,15.97,35,103,102,Bombacacidites,baculatus,NA,NA,NA,NA
1430354,occurrence,149172,Bombacacidites sp.,genus,276601,Bombacacidites,genus,276601,Paleocene,66,33.9,47758;47758,-71.866669,-46.838333,Bombacacidites,276601,Bombacaceae,55599,Malvales,54911,Magnoliopsida,55217,Spermatophyta,55350,AR,Santa Cruz,local area,66,33.9,26,38,37,Bombacacidites,sp.,Eocene,NA,NA,NA
1503673,occurrence,22811,Hightea n. gen. elliptica n. sp.,species,409568,Hightea elliptica,species,409568,Ypresian,56,47.8,72299;72299,0.833333,51.400002,Hightea,409567,Malvaceae,53879,Malvales,54911,Magnoliopsida,55217,Spermatophyta,55350,UK,England,local area,56,47.8,109,109,109,Hightea,elliptica,NA,Kent,n. sp.,n. gen.
1503674,occurrence,22811,Hightea elegans n. sp.,species,417837,Hightea elegans,species,417837,Ypresian,56,47.8,72299;72299,0.833333,51.400002,Hightea,409567,Malvaceae,53879,Malvales,54911,Magnoliopsida,55217,Spermatophyta,55350,UK,England,local area,56,47.8,109,109,109,Hightea,elegans,NA,Kent,n. sp.,NA
1503675,occurrence,22811,Hightea attenuata n. sp.,species,417838,Hightea attenuata,species,417838,Ypresian,56,47.8,72299;72299,0.833333,51.400002,Hightea,409567,Malvaceae,53879,Malvales,54911,Magnoliopsida,55217,Spermatophyta,55350,UK,England,local area,56,47.8,109,109,109,Hightea,attenuata,NA,Kent,n. sp.,NA
1503676,occurrence,22811,Hightea fusiformis n. sp.,species,417839,Hightea fusiformis,species,417839,Ypresian,56,47.8,72299;72299,0.833333,51.400002,Hightea,409567,Malvaceae,53879,Malvales,54911,Magnoliopsida,55217,Spermatophyta,55350,UK,England,local area,56,47.8,109,109,109,Hightea,fusiformis,NA,Kent,n. sp.,NA
1503677,occurrence,22811,Hightea inflata n. sp.,species,417840,Hightea inflata,species,417840,Ypresian,56,47.8,72299;72299,0.833333,51.400002,Hightea,409567,Malvaceae,53879,Malvales,54911,Magnoliopsida,55217,Spermatophyta,55350,UK,England,local area,56,47.8,109,109,109,Hightea,inflata,NA,Kent,n. sp.,NA
1503678,occurrence,22811,Hightea oviformis n. sp.,species,417841,Hightea oviformis,species,417841,Ypresian,56,47.8,72299;72299,0.833333,51.400002,Hightea,409567,Malvaceae,53879,Malvales,54911,Magnoliopsida,55217,Spermatophyta,55350,UK,England,local area,56,47.8,109,109,109,Hightea,oviformis,NA,Kent,n. sp.,NA
1503679,occurrence,22811,Hightea turbinata n. sp.,species,417842,Hightea turbinata,species,417842,Ypresian,56,47.8,72299;72299,0.833333,51.400002,Hightea,409567,Malvaceae,53879,Malvales,54911,Magnoliopsida,55217,Spermatophyta,55350,UK,England,local area,56,47.8,109,109,109,Hightea,turbinata,NA,Kent,n. sp.,NA
1503680,occurrence,22811,Hightea orbicularis n. sp.,species,417843,Hightea orbicularis,species,417843,Ypresian,56,47.8,72299;72299,0.833333,51.400002,Hightea,409567,Malvaceae,53879,Malvales,54911,Magnoliopsida,55217,Spermatophyta,55350,UK,England,local area,56,47.8,109,109,109,Hightea,orbicularis,NA,Kent,n. sp.,NA
1503681,occurrence,22811,Hightea minima n. sp.,species,417844,Hightea minima,species,417844,Ypresian,56,47.8,72299;72299,0.833333,51.400002,Hightea,409567,Malvaceae,53879,Malvales,54911,Magnoliopsida,55217,Spermatophyta,55350,UK,England,local area,56,47.8,109,109,109,Hightea,minima,NA,Kent,n. sp.,NA
1503682,occurrence,22811,Hightea turgida n. sp.,species,417845,Hightea turgida,species,417845,Ypresian,56,47.8,72299;72299,0.833333,51.400002,Hightea,409567,Malvaceae,53879,Malvales,54911,Magnoliopsida,55217,Spermatophyta,55350,UK,England,local area,56,47.8,109,109,109,Hightea,turgida,NA,Kent,n. sp.,NA
1505616,occurrence,22811,Hightea elliptica,species,409568,Hightea elliptica,species,409568,Ypresian,56,47.8,72441;72441,0.833333,51.400002,Hightea,409567,Malvaceae,53879,Malvales,54911,Magnoliopsida,55217,Spermatophyta,55350,UK,England,local area,56,47.8,109,109,109,Hightea,elliptica,NA,Kent,NA,NA
1505617,occurrence,22811,Hightea fusiformis,species,417839,Hightea fusiformis,species,417839,Ypresian,56,47.8,72441;72441,0.833333,51.400002,Hightea,409567,Malvaceae,53879,Malvales,54911,Magnoliopsida,55217,Spermatophyta,55350,UK,England,local area,56,47.8,109,109,109,Hightea,fusiformis,NA,Kent,NA,NA
1505618,occurrence,22811,Hightea elegans,species,417837,Hightea elegans,species,417837,Ypresian,56,47.8,72441;72441,0.833333,51.400002,Hightea,409567,Malvaceae,53879,Malvales,54911,Magnoliopsida,55217,Spermatophyta,55350,UK,England,local area,56,47.8,109,109,109,Hightea,elegans,NA,Kent,NA,NA
1505619,occurrence,22811,Hightea inflata,species,417840,Hightea inflata,species,417840,Ypresian,56,47.8,72441;72441,0.833333,51.400002,Hightea,409567,Malvaceae,53879,Malvales,54911,Magnoliopsida,55217,Spermatophyta,55350,UK,England,local area,56,47.8,109,109,109,Hightea,inflata,NA,Kent,NA,NA
1505620,occurrence,22811,Hightea oviformis,species,417841,Hightea oviformis,species,417841,Ypresian,56,47.8,72441;72441,0.833333,51.400002,Hightea,409567,Malvaceae,53879,Malvales,54911,Magnoliopsida,55217,Spermatophyta,55350,UK,England,local area,56,47.8,109,109,109,Hightea,oviformis,NA,Kent,NA,NA
1505621,occurrence,22811,Hightea turbinata,species,417842,Hightea turbinata,species,417842,Ypresian,56,47.8,72441;72441,0.833333,51.400002,Hightea,409567,Malvaceae,53879,Malvales,54911,Magnoliopsida,55217,Spermatophyta,55350,UK,England,local area,56,47.8,109,109,109,Hightea,turbinata,NA,Kent,NA,NA
1505622,occurrence,22811,Hightea orbicularis,species,417843,Hightea orbicularis,species,417843,Ypresian,56,47.8,72441;72441,0.833333,51.400002,Hightea,409567,Malvaceae,53879,Malvales,54911,Magnoliopsida,55217,Spermatophyta,55350,UK,England,local area,56,47.8,109,109,109,Hightea,orbicularis,NA,Kent,NA,NA
1505623,occurrence,22811,Hightea minima,species,417844,Hightea minima,species,417844,Ypresian,56,47.8,72441;72441,0.833333,51.400002,Hightea,409567,Malvaceae,53879,Malvales,54911,Magnoliopsida,55217,Spermatophyta,55350,UK,England,local area,56,47.8,109,109,109,Hightea,minima,NA,Kent,NA,NA
1505624,occurrence,22811,Hightea turgida,species,417845,Hightea turgida,species,417845,Ypresian,56,47.8,72441;72441,0.833333,51.400002,Hightea,409567,Malvaceae,53879,Malvales,54911,Magnoliopsida,55217,Spermatophyta,55350,UK,England,local area,56,47.8,109,109,109,Hightea,turgida,NA,Kent,NA,NA
1519675,occurrence,212369,Bombacacidites soleaformis,species,328025,Bombacacidites soleaformis,species,328025,Lutetian,47.8,41.3,73378;73378,-71.321541,9.891456,Bombacacidites,276601,Bombacaceae,55599,Malvales,54911,Magnoliopsida,55217,Spermatophyta,55350,VE,NA,NA,47.8,41.3,108,108,108,Bombacacidites,soleaformis,NA,NA,NA,NA
1519676,occurrence,212369,Bombacacidites sp.,genus,276601,Bombacacidites,genus,276601,Lutetian,47.8,41.3,73378;73378,-71.321541,9.891456,Bombacacidites,276601,Bombacaceae,55599,Malvales,54911,Magnoliopsida,55217,Spermatophyta,55350,VE,NA,NA,47.8,41.3,108,108,108,Bombacacidites,sp.,NA,NA,NA,NA
1535892,occurrence,215612,Malvaceae indet.,family,53879,Malvaceae,family,53879,Holocene,0.0117,NA,74304;74304,170.779221,-44.265049,NA,NA,Malvaceae,53879,Malvales,54911,Magnoliopsida,55217,Spermatophyta,55350,NZ,South Island,NA,0.0117,NA,3002,32,32,Malvaceae,indet.,NA,South Canterbury,NA,NA
